CREATE DATABASE  IF NOT EXISTS `sis_db` /*!40100 DEFAULT CHARACTER SET utf8mb4 COLLATE utf8mb4_0900_ai_ci */;
USE `sis_db`;
-- MySQL dump 10.13  Distrib 8.0.12, for Win64 (x86_64)
--
-- Host: localhost    Database: sis_db
-- ------------------------------------------------------
-- Server version	8.0.12

/*!40101 SET @OLD_CHARACTER_SET_CLIENT=@@CHARACTER_SET_CLIENT */;
/*!40101 SET @OLD_CHARACTER_SET_RESULTS=@@CHARACTER_SET_RESULTS */;
/*!40101 SET @OLD_COLLATION_CONNECTION=@@COLLATION_CONNECTION */;
 SET NAMES utf8 ;
/*!40103 SET @OLD_TIME_ZONE=@@TIME_ZONE */;
/*!40103 SET TIME_ZONE='+00:00' */;
/*!40014 SET @OLD_UNIQUE_CHECKS=@@UNIQUE_CHECKS, UNIQUE_CHECKS=0 */;
/*!40014 SET @OLD_FOREIGN_KEY_CHECKS=@@FOREIGN_KEY_CHECKS, FOREIGN_KEY_CHECKS=0 */;
/*!40101 SET @OLD_SQL_MODE=@@SQL_MODE, SQL_MODE='NO_AUTO_VALUE_ON_ZERO' */;
/*!40111 SET @OLD_SQL_NOTES=@@SQL_NOTES, SQL_NOTES=0 */;

--
-- Table structure for table `account`
--

DROP TABLE IF EXISTS `account`;
/*!40101 SET @saved_cs_client     = @@character_set_client */;
 SET character_set_client = utf8mb4 ;
CREATE TABLE `account` (
  `idAccount` int(11) NOT NULL,
  `idPermission` int(11) DEFAULT NULL,
  `username` varchar(16) DEFAULT NULL,
  `password` varchar(255) DEFAULT NULL,
  `salt` varchar(255) DEFAULT NULL,
  `stt` int(11) DEFAULT NULL,
  `timeModified` varchar(255) DEFAULT NULL,
  PRIMARY KEY (`idAccount`),
  KEY `idPermission` (`idPermission`),
  CONSTRAINT `Account_ibfk_1` FOREIGN KEY (`idPermission`) REFERENCES `permission` (`idpermission`) ON UPDATE CASCADE
) ENGINE=InnoDB DEFAULT CHARSET=utf8mb4 COLLATE=utf8mb4_0900_ai_ci;
/*!40101 SET character_set_client = @saved_cs_client */;

--
-- Dumping data for table `account`
--

LOCK TABLES `account` WRITE;
/*!40000 ALTER TABLE `account` DISABLE KEYS */;
INSERT INTO `account` VALUES (1,1,'buitrunga','9EC7BF8A70D7157223D668E6824FDFB02852FC5432B76CDA0408E1CF953DA626','RNQBx6AAAtPxQLtG',1,'Sun Dec 09 22:44:00 ICT 2018'),(2,2,'buitrungb','BECF7F3A734B918B37B0C6D0F32E70E5F51C7A44EAA06824880EE3FD4B07017F','bTC4KfAdnMhELbT6',1,'Sun Dec 09 22:44:00 ICT 2018'),(3,3,'buitrungc','01B9EBB73279BA38A19BAC67B7734F143CCFADB9E5405ED59036C61CA05FA78C','72ZPqJduOXcgQ2rZ',1,'Sun Dec 09 22:44:01 ICT 2018'),(4,4,'buitrungd','0AB089B934C014E581FFA6F29382E6F746020723E53FB387E0A8BD5B40659CFF','PmzHM6iXh3Bmzs4Q',1,'Sun Dec 09 22:44:01 ICT 2018'),(5,5,'buitrunge','065DDD6CE92C7A33F1A0351DDB1552F97804196263616627890AC86CD69E856B','fumxpgm16tT4UARa',1,'Sun Dec 09 22:44:01 ICT 2018'),(6,6,'buitrungf','68B3468B364DE1D8296B486B6DE0AEE066B49B3F531E3FDC9F117DC931A942BC','b0qqffb3E8XuW6Do',1,'Sun Dec 09 22:44:01 ICT 2018'),(7,1,'buitrungg','FE0F3ECE580EC24CD928A2239873247CD7279C5D0012B39C3C2C3A5B10696534','J2VqejvG2FKNL7pZ',1,'Sun Dec 09 22:44:01 ICT 2018'),(8,2,'buitrungh','8CDD77DB057A812C0C05EB5176DFE0941F7C8F356D63AF8DE0044572588779D4','nSfkzFaIa8XteIc1',1,'Sun Dec 09 22:44:01 ICT 2018'),(9,3,'buitrungi','D692613813BE8C9E00C1A082FA06D879512FF523E4B964E1C84B6A4074A64DD1','i356UkwxvumyjsLQ',1,'Sun Dec 09 22:44:01 ICT 2018'),(10,4,'buitrungj','829123B0BCB208B7E8D1AB312F7F7F9C3A6FE0474A1D69C4FCF311397C0D92D5','c9C1rRs2islPihOZ',1,'Sun Dec 09 22:44:01 ICT 2018'),(11,5,'buitrungk','7145DF008F1D73F1DF11E41CE168E60044485B71BE91A3D04E47AB35D747E7BC','ArfaDrehazxWHZRi',1,'Sun Dec 09 22:44:01 ICT 2018'),(12,6,'buitrungl','306F7738DAE22815975854248B1BA4E6514FB7373106517B45604455C70DB3EC','1PWhvyfJijOMWQxE',1,'Sun Dec 09 22:44:01 ICT 2018'),(13,1,'buitrungm','47FF0274A110BD0117B9D50061E71F827A5A086799DB4EBD4C19C462EB75EF13','v6rXRdwMg7rga0Lj',1,'Sun Dec 09 22:44:01 ICT 2018'),(14,2,'buitrungn','A240ADA4069FA012F24C1F645C80B93A4E190BA9AA6246D59BA5114999FF8982','87zczbCr9oJOCduw',1,'Sun Dec 09 22:44:01 ICT 2018'),(15,3,'buitrungo','04D6140AD34969B46C97B2A48B94A2A5CCD8D3BF867342F9EACE12959E293213','uG8EiM6JXpEzgnEW',1,'Sun Dec 09 22:44:01 ICT 2018'),(16,4,'buitrungp','EEF84A9A597D97411C0E8F877D5D553D64C7287D03EB6122EEB255EEE8F17EFE','jNGyvIvFqA8EyNFC',1,'Sun Dec 09 22:44:01 ICT 2018'),(17,5,'buitrungq','1B55A4E55782608CBA6C3C11119C053E894B5041B635B41E1D28AF564867F679','JyARNrfjwHvaHFiL',1,'Sun Dec 09 22:44:01 ICT 2018'),(18,6,'buitrungr','7E73268FFD2729D16E3009EFCCDF26A55756320EA4A2EF5AE9D18A5AE0514A06','e3YORhTnSQbcVOnJ',1,'Sun Dec 09 22:44:01 ICT 2018'),(19,1,'buitrungs','B18057C96BA1A39E8F69BC3A7105A49DE70C8D39B9BCBAC1FBC2BF63569AEBEF','LlNLhIq8ebGsQBGU',1,'Sun Dec 09 22:44:01 ICT 2018'),(20,2,'buitrungt','52C25B2905D6F58C80000BCC81765418CD1633A97A8D0B072CDAB98D596146D7','IcTE2nq9rW3qb2Yn',1,'Sun Dec 09 22:44:01 ICT 2018'),(21,3,'buitrungu','E0FD05A98E4D00C9954615D9A7CD8364EF77E29D6A2D6BA40EDA39DAC79098D3','jRTmmNnbUPl9Myi6',1,'Sun Dec 09 22:44:01 ICT 2018'),(22,4,'vuduca','84EC213A8B508DFE965F1B737215FB830F7981EBF0D4C826ADE890CA14C90096','hf8JeQ6zRXeHhLr3',1,'Sun Dec 09 22:44:01 ICT 2018'),(23,5,'vuducb','65EF8173BD4EE90E6455C9EB8B8BA382C20328506D29754BAFF91F3A6A51D6D1','4MD0DxT3uynl1kJ3',1,'Sun Dec 09 22:44:01 ICT 2018'),(24,6,'vuducc','7F9169693C1D9A74B2CA7AA8FCBF82DF4B9963B55C0FF1A35512580699218E81','vj9JtlVRL6qgJdGi',1,'Sun Dec 09 22:44:01 ICT 2018'),(25,2,'vuducd','ADD43E37CB45F156CDF0F1C8F26546059BB98F052BBA2D20D400F77D5FF2B8A3','bL0ztX1TTOMbxnEl',1,'Sun Dec 09 22:44:01 ICT 2018'),(26,3,'vuduce','A51785E5F77131849E065B51028E8325800F1648C4963890C4B912B4A81D0642','nDgpWqwvHk6nYE9d',1,'Sun Dec 09 22:44:01 ICT 2018'),(27,4,'vuducf','53D261C409AD9A9B2C0EBA8B9A59CB96111D17EA652D23D343F76CF6D106D5B4','G1LHDzAtpt2D2CR6',1,'Sun Dec 09 22:44:01 ICT 2018'),(28,1,'vuducg','3DA31F1EE067568860044C0B9D2F62CE37A7E97EFFE906DA6578CE6F46ABB86A','CQeon5NJL0IxHczd',1,'Sun Dec 09 22:44:01 ICT 2018'),(29,2,'vuduch','1483E99F682E07E7710653E189F07015E39C3A916495D51744A4B01101C8D769','UxKBT1VzQap9wzTj',1,'Sun Dec 09 22:44:01 ICT 2018'),(30,3,'vuduci','234C2A64881368A71D19196AB1CA565F57AF5B19110810F199A1F668698B6C5A','I6vYa0Dx5qqV6w6c',1,'Sun Dec 09 22:44:01 ICT 2018'),(31,4,'vuducj','E1D12ED4D3A4638D99F3049DF12C4855F19C8F4117583806EABA764F0E88DEAB','Oftksx0lGlVtZPwS',1,'Sun Dec 09 22:44:01 ICT 2018'),(32,5,'vuduck','C20AD777038DE092E052770BC9620E397B5C1790E2FD1CDAA148CF81E6DEC56C','jXzQRXzck90ARqJr',1,'Sun Dec 09 22:44:01 ICT 2018'),(33,6,'vuducl','FB8EEBD4EDD081EEFE5C1428CCDB39890B2C3CE34F1DEAA74EAABC98F7EDE635','NaFMmCFlgeralJRA',1,'Sun Dec 09 22:44:01 ICT 2018'),(34,1,'vuducm','AA54F1BB074B299200F80F726EACB78D15D4220DE549057BC41CA05A26368685','e2B7hCWBPtNAYzzz',1,'Sun Dec 09 22:44:01 ICT 2018'),(35,2,'vuducn','3064E2638CB6B1C5930018136625B5102398BE30F60F7A33BFC4B5F3D1BC437D','HZLloJw3eSs1wiGO',1,'Sun Dec 09 22:44:01 ICT 2018'),(36,3,'vuduco','3828BB38EB416DC05A5AB7F154B4ACC897EB01672C98F5F9EFD810339B7F4B1A','ojt5ImGs1xJlqSvE',1,'Sun Dec 09 22:44:01 ICT 2018'),(37,4,'vuducp','66C9F816DEFCAF3EA6153E1F5E9E7DA53BBCF344285689F93D96C8C0B6DD41B5','LD51eCwCbo5cRlLj',1,'Sun Dec 09 22:44:01 ICT 2018'),(38,5,'vuducq','26527511900F914DCAA7BE0DD293D6514A5DD65A9D1D1F2696A620A7D4AE6591','hL7cTWbGdY5UDtqw',1,'Sun Dec 09 22:44:01 ICT 2018'),(39,6,'vuducr','E6A66B2C6415520335785A3A874841B92B8585F3BCFD51A486B64FBA2F966286','aM0yhd8f1YzyNOhi',1,'Sun Dec 09 22:44:01 ICT 2018'),(40,7,'dangngoca','B9D341A45847B61867D5A340A16867032B861D9E2034F7D3070C12D1C81E64EC','d44QKwLkLW7aKB9u',1,'Sun Dec 09 22:44:01 ICT 2018'),(41,7,'dangngocb','9ECC7C24AFA98D4755A9D6F8EBF32CF954003490B108E42DFD01B55A17E0DE36','ApiIgzIsQbuuxX4d',1,'Sun Dec 09 22:44:01 ICT 2018'),(42,7,'dangngocc','D46DB52AC09223205ECE886FFF849CCFDEA084A68912DBD5D1568670E9242FA2','fJIWzy3WHGYR31IX',1,'Sun Dec 09 22:44:01 ICT 2018'),(43,7,'dangngocd','C2C87C39E9C37BF8977FECC0FA675F9A154827F283257AE07950151CE6F7A296','CXJUnB9wyjtmNNct',1,'Sun Dec 09 22:44:01 ICT 2018'),(44,7,'dangngoce','ADFC5A5094F482A03C46699E46460180A23123426DCB4FB0F55038C018771D70','AV7pSrDO0z0vjviV',1,'Sun Dec 09 22:44:01 ICT 2018'),(45,7,'dangngocf','F153B22432593FD00982D586FC1883FA2753E01860B6F9EF00F8B96E784713D6','N9CBMHNQtcq7sxG1',1,'Sun Dec 09 22:44:01 ICT 2018'),(46,7,'dangngocg','A9575793C79809070A9B1DBBA1B32EEAA165BE0EA6124041AF3773D3B7E61860','qMJx05uKL2w3Ih0q',1,'Sun Dec 09 22:44:01 ICT 2018'),(47,7,'dangngoch','002719DFF6204B7C1457C2D7850DC1566A5912F0E6EA9746CC3ADBDD036F68B8','k67lHLU72mrYWT7J',1,'Sun Dec 09 22:44:01 ICT 2018'),(48,7,'dangngocy','F265821EF044A88C12FECF2A331F47E7A93FE8B73A0F6B4D3EC8996C86DEC36C','20Ig4HqjpCy9VbIx',1,'Sun Dec 09 22:44:01 ICT 2018'),(49,7,'dangngock','B1459F6CA7EF4BD2F0AD857225186C393854886B73AB6484DDA19A919DF330FB','0D2UlrDvtkzn8su8',1,'Sun Dec 09 22:44:01 ICT 2018'),(50,7,'dangngocl','C402306E76B7471256A52E9879690384381415D6A0F6CC590F3324A238F4D2E1','HSoPoVpNX20S9L9Y',1,'Sun Dec 09 22:44:01 ICT 2018'),(51,7,'dangngocm','F079D4B4C1731F24E1E0ABE55EED2F94C2AA9D2A2B7AE76BECFC43F671CF8274','X6PbpvF0vZbkPmFz',1,'Sun Dec 09 22:44:01 ICT 2018'),(52,7,'dangngoco','BCB3A2A81EFCFFBD54A749825587B90B6EC2E25F829DFE63EAA99AB0D56E2316','issW2tOKjjZrY3a5',1,'Sun Dec 09 22:44:01 ICT 2018'),(53,7,'dangngocu','563DC709EEA3AA6625C2BA623213E3790F3409AC6D098FE4B2A288134AEE9916','YhB6whammnTZxHiv',1,'Sun Dec 09 22:44:01 ICT 2018'),(54,7,'dangngoci','B117E1CB2DE23B4E7E3ADC39070D7D3894A133AD6904C776C3F3803C2B6AFB34','KnfHbzgog0EvEIUs',1,'Sun Dec 09 22:44:01 ICT 2018'),(55,7,'dangngocj','4EAB18DE9A4EC6B50C248D96144CF0CC3536D2912AF69F9E0269096F7DD23354','x9FlH6YUUAs8nfuF',1,'Sun Dec 09 22:44:01 ICT 2018'),(56,7,'dangngocp','B0863812937B050CC23E22C72762D225C3981075B39B7161CC423E23E01A36BD','hRj9FgTcdl1ZsIhu',1,'Sun Dec 09 22:44:01 ICT 2018'),(57,7,'dangngocq','8837FCB2C323F3959C2BD1A030840F152C2C38F50E4B3D7697CBA2A2C31EA18B','B5lmcrtbqPz1f7X4',1,'Sun Dec 09 22:44:01 ICT 2018'),(58,7,'dangngocr','99EB0E502D9F00196C30E2F88B2ADE3B1E4F06C7BD4AEC86FD5CBFEB279192A2','V9l62Dwsk0D1p1Cp',1,'Sun Dec 09 22:44:01 ICT 2018'),(59,7,'dangngocs','AB01537F10B16C97CA093F1103A6F769952B3D92CBFB4D076C49CEF93B9EA259','AWbiclN3ODbBr6UI',1,'Sun Dec 09 22:44:01 ICT 2018'),(60,7,'dangngoct','555685FB0B4CC036FF2C20EDBE9350AD830A928436AE47E7A7E6FD4A68811B9E','mdbJsXqVYFsynInr',1,'Sun Dec 09 22:44:01 ICT 2018'),(61,7,'dangngocx','C74075FD77260B87F79D9CBFD377B015E22128361C421E851EFFB90E8A5FEBDE','cYa3aggSNdKgqtW7',1,'Sun Dec 09 22:44:01 ICT 2018'),(62,7,'dangngocy','DF504FE3173684023C859A405E4D2C52CD1DC67FC3FCBDBE97A4B1B0045F4FBF','Q62bZFhRavZ6vgrt',1,'Sun Dec 09 22:44:01 ICT 2018'),(63,7,'dangngocz','3E7F56663612F7E03DA72EDB686C3BDD11C7C4D678391A9429C1A886DC98AFCF','dJOHDz55sMzkmmir',1,'Sun Dec 09 22:44:01 ICT 2018'),(64,7,'nguyentrunga','5D65D920CE36C956A9B35D407DFA9002EDDA783D583674C9B591639BE0ECF3A1','4xL0VvGufJM2nlbK',1,'Sun Dec 09 22:44:01 ICT 2018'),(65,7,'nguyentrungb','F8B1077775951EB6D93009993ACE0B704A984016A43B21A9E6F88BA8BE331CA6','P0ixCHQsIZBIxw9g',1,'Sun Dec 09 22:44:01 ICT 2018'),(66,7,'nguyentrungc','53070EF4E3117663723AF72B604B34D792662B17BF639C8AFF01C76F7FD0316F','kgsPKICfUnjuSNp6',1,'Sun Dec 09 22:44:01 ICT 2018'),(67,7,'nguyentrungd','05EBE786783E4B12B2CA0732B2E3B551460DDBE10468A24BFFC2C758E21FF937','RXfhjEmUhJFZR4l3',1,'Sun Dec 09 22:44:01 ICT 2018'),(68,7,'nguyentrunge','473AEDB9EA5ADB8A4E4CDF3D21BFBBF2611632BDFE8F079CC5765743AE5F0BAB','DYLQmFV3raxmfqNN',1,'Sun Dec 09 22:44:01 ICT 2018'),(69,7,'nguyentrungf','96279B3502D528E97C2BE0106AE991278E46D33AB4F96FE68BCF395654D74988','VDNx01AjCQtv9KDj',1,'Sun Dec 09 22:44:01 ICT 2018'),(70,7,'nguyentrungg','D37F7EF79466D7A2281869BADC5931CFE7E112646CA80110A3970D1C433D104E','jkh7L9UmvmCblw95',1,'Sun Dec 09 22:44:01 ICT 2018'),(71,7,'nguyentrungh','02738E56F16B54222F5B14EA29C76E954B90F1412690BAE2F11452F60863378F','HsmNn5m8hShuVQzA',1,'Sun Dec 09 22:44:01 ICT 2018'),(72,7,'nguyentrungi','533CD4D9DA323160EFB34B230C5B064C073D60B354DDCAE6EB6D2387B27E9F39','O4vidmXUgmNbJnY8',1,'Sun Dec 09 22:44:01 ICT 2018'),(73,7,'nguyentrungk','B2AF4219B5B32AA689A3D7A415522E4BE583E6BB81F615E990DCA293705AEBD6','raJETHBAa56vsy6J',1,'Sun Dec 09 22:44:01 ICT 2018'),(74,7,'nguyentrungl','4AD4F354F8DC8C73C46069277A7E6F42C568234E26A5AC1339C08D24C7485099','TduotQe44gQYLycE',1,'Sun Dec 09 22:44:01 ICT 2018'),(75,7,'nguyentrungm','C15023B4C1F13B2D8E1852901F05ACA31E64701EF36089929413048C352565F4','HQkcrThTKetzl4uz',1,'Sun Dec 09 22:44:01 ICT 2018'),(76,7,'nguyentrungo','0112667249C3367D2E1450E4A2A05A182148BF5CF66B5D25B1617031A7FC8467','tzL5aEhwtnV6aAtR',1,'Sun Dec 09 22:44:01 ICT 2018'),(77,7,'nguyentrungu','68C498F12F163ECF5F02B8DF62DBA41C4974E8D7FC6756E3E8AF05A635096956','Uh979ww2Y9LeQ2Zz',1,'Sun Dec 09 22:44:01 ICT 2018'),(78,7,'nguyentrungt','4370B86AE2C1AE8B4CD00D7C37E49F2B255E84015BC6640514EBA303DE10BDA9','014eXRgxaifMwMmE',1,'Sun Dec 09 22:44:01 ICT 2018');
/*!40000 ALTER TABLE `account` ENABLE KEYS */;
UNLOCK TABLES;

--
-- Table structure for table `department`
--

DROP TABLE IF EXISTS `department`;
/*!40101 SET @saved_cs_client     = @@character_set_client */;
 SET character_set_client = utf8mb4 ;
CREATE TABLE `department` (
  `idDepartment` int(11) NOT NULL,
  `name` varchar(50) DEFAULT NULL,
  `description` varchar(255) DEFAULT NULL,
  `stt` int(11) DEFAULT NULL,
  `timeModified` varchar(255) DEFAULT NULL,
  PRIMARY KEY (`idDepartment`)
) ENGINE=InnoDB DEFAULT CHARSET=utf8mb4 COLLATE=utf8mb4_0900_ai_ci;
/*!40101 SET character_set_client = @saved_cs_client */;

--
-- Dumping data for table `department`
--

LOCK TABLES `department` WRITE;
/*!40000 ALTER TABLE `department` DISABLE KEYS */;
INSERT INTO `department` VALUES (1,'Khoa Giáo dục thể chất',NULL,1,'Sun Dec 09 22:44:01 ICT 2018'),(2,'Viện Cơ khí',NULL,1,'Sun Dec 09 22:44:01 ICT 2018'),(3,'Viện Dệt may - Da giầy và Thời Trang',NULL,1,'Sun Dec 09 22:44:01 ICT 2018'),(4,'Viện Công nghệ Thông tin và Truyền thông',NULL,1,'Sun Dec 09 22:44:01 ICT 2018'),(5,'Viện Kỹ thuật hoá học',NULL,1,'Sun Dec 09 22:44:01 ICT 2018'),(6,'Viện Điện',NULL,1,'Sun Dec 09 22:44:01 ICT 2018'),(7,'Viện Điện tử Viễn thông',NULL,1,'Sun Dec 09 22:44:01 ICT 2018'),(8,'Khoa Giáo dục Quốc phòng',NULL,1,'Sun Dec 09 22:44:02 ICT 2018'),(9,'Viện Kinh tế và Quản lý',NULL,1,'Sun Dec 09 22:44:02 ICT 2018'),(10,'Viện Khoa học và Kỹ thuật Vật liệu',NULL,1,'Sun Dec 09 22:44:02 ICT 2018'),(11,'Khoa Lý luận và Chính trị',NULL,1,'Sun Dec 09 22:44:02 ICT 2018'),(12,'Viện Ngoại ngữ',NULL,1,'Sun Dec 09 22:44:02 ICT 2018'),(13,'Viện Sư phạm Kỹ thuật',NULL,1,'Sun Dec 09 22:44:02 ICT 2018'),(14,'Viện Toán ứng dụng và Tin học',NULL,1,'Sun Dec 09 22:44:02 ICT 2018'),(15,'Viện Cơ khí động lực',NULL,1,'Sun Dec 09 22:44:02 ICT 2018'),(16,'Viện Công nghệ Sinh học và Công nghệ Thực phẩm',NULL,1,'Sun Dec 09 22:44:02 ICT 2018'),(17,'Viện Khoa học Công nghệ và Môi trường',NULL,1,'Sun Dec 09 22:44:02 ICT 2018'),(18,'Viện Khoa học Công nghệ và Nhiệt lạnh',NULL,1,'Sun Dec 09 22:44:02 ICT 2018'),(19,'Viện Vật lý Kỹ thuật',NULL,1,'Sun Dec 09 22:44:02 ICT 2018');
/*!40000 ALTER TABLE `department` ENABLE KEYS */;
UNLOCK TABLES;

--
-- Table structure for table `detaillearningchart`
--

DROP TABLE IF EXISTS `detaillearningchart`;
/*!40101 SET @saved_cs_client     = @@character_set_client */;
 SET character_set_client = utf8mb4 ;
CREATE TABLE `detaillearningchart` (
  `idLearningChart` int(11) NOT NULL,
  `idSubject` varchar(10) NOT NULL,
  `semester` varchar(5) DEFAULT NULL,
  `credit` int(11) DEFAULT NULL,
  `stt` int(11) DEFAULT NULL,
  `timeModified` varchar(255) DEFAULT NULL,
  PRIMARY KEY (`idLearningChart`,`idSubject`),
  KEY `idSubject` (`idSubject`),
  CONSTRAINT `DetailLearningChart_ibfk_1` FOREIGN KEY (`idLearningChart`) REFERENCES `learningchart` (`idlearningchart`) ON UPDATE CASCADE,
  CONSTRAINT `DetailLearningChart_ibfk_2` FOREIGN KEY (`idSubject`) REFERENCES `subject` (`idsubject`) ON UPDATE CASCADE
) ENGINE=InnoDB DEFAULT CHARSET=utf8mb4 COLLATE=utf8mb4_0900_ai_ci;
/*!40101 SET character_set_client = @saved_cs_client */;

--
-- Dumping data for table `detaillearningchart`
--

LOCK TABLES `detaillearningchart` WRITE;
/*!40000 ALTER TABLE `detaillearningchart` DISABLE KEYS */;
INSERT INTO `detaillearningchart` VALUES (1,'SB1','20181',2,1,'Sun Dec 09 22:44:12 ICT 2018'),(1,'SB40','20181',3,1,'Sun Dec 09 22:44:12 ICT 2018'),(2,'SB2','20181',3,1,'Sun Dec 09 22:44:12 ICT 2018'),(2,'SB41','20181',2,1,'Sun Dec 09 22:44:12 ICT 2018'),(3,'SB3','20181',2,1,'Sun Dec 09 22:44:12 ICT 2018'),(3,'SB42','20181',3,1,'Sun Dec 09 22:44:12 ICT 2018'),(4,'SB4','20181',3,1,'Sun Dec 09 22:44:12 ICT 2018'),(4,'SB43','20181',2,1,'Sun Dec 09 22:44:12 ICT 2018'),(5,'SB44','20181',3,1,'Sun Dec 09 22:44:12 ICT 2018'),(5,'SB5','20181',2,1,'Sun Dec 09 22:44:12 ICT 2018'),(6,'SB45','20181',2,1,'Sun Dec 09 22:44:12 ICT 2018'),(6,'SB6','20181',3,1,'Sun Dec 09 22:44:12 ICT 2018'),(7,'SB46','20181',3,1,'Sun Dec 09 22:44:12 ICT 2018'),(7,'SB7','20181',2,1,'Sun Dec 09 22:44:12 ICT 2018'),(8,'SB47','20181',2,1,'Sun Dec 09 22:44:12 ICT 2018'),(8,'SB8','20181',3,1,'Sun Dec 09 22:44:12 ICT 2018'),(9,'SB48','20181',3,1,'Sun Dec 09 22:44:12 ICT 2018'),(9,'SB9','20181',2,1,'Sun Dec 09 22:44:12 ICT 2018'),(10,'SB10','20181',3,1,'Sun Dec 09 22:44:12 ICT 2018'),(10,'SB49','20181',2,1,'Sun Dec 09 22:44:12 ICT 2018'),(11,'SB11','20181',2,1,'Sun Dec 09 22:44:12 ICT 2018'),(11,'SB50','20181',3,1,'Sun Dec 09 22:44:12 ICT 2018'),(12,'SB12','20181',3,1,'Sun Dec 09 22:44:12 ICT 2018'),(13,'SB13','20181',2,1,'Sun Dec 09 22:44:12 ICT 2018'),(14,'SB14','20181',3,1,'Sun Dec 09 22:44:12 ICT 2018'),(15,'SB15','20181',2,1,'Sun Dec 09 22:44:12 ICT 2018'),(16,'SB16','20181',3,1,'Sun Dec 09 22:44:12 ICT 2018'),(17,'SB17','20181',2,1,'Sun Dec 09 22:44:12 ICT 2018'),(18,'SB18','20181',3,1,'Sun Dec 09 22:44:12 ICT 2018'),(19,'SB19','20181',2,1,'Sun Dec 09 22:44:12 ICT 2018'),(20,'SB20','20181',3,1,'Sun Dec 09 22:44:12 ICT 2018'),(21,'SB21','20181',2,1,'Sun Dec 09 22:44:12 ICT 2018'),(22,'SB22','20181',3,1,'Sun Dec 09 22:44:12 ICT 2018'),(23,'SB23','20181',2,1,'Sun Dec 09 22:44:12 ICT 2018'),(24,'SB24','20181',3,1,'Sun Dec 09 22:44:12 ICT 2018'),(25,'SB25','20181',2,1,'Sun Dec 09 22:44:12 ICT 2018'),(26,'SB26','20181',3,1,'Sun Dec 09 22:44:12 ICT 2018'),(27,'SB27','20181',2,1,'Sun Dec 09 22:44:12 ICT 2018'),(28,'SB28','20181',3,1,'Sun Dec 09 22:44:12 ICT 2018'),(29,'SB29','20181',2,1,'Sun Dec 09 22:44:12 ICT 2018'),(30,'SB30','20181',3,1,'Sun Dec 09 22:44:12 ICT 2018'),(31,'SB31','20181',2,1,'Sun Dec 09 22:44:12 ICT 2018'),(32,'SB32','20181',3,1,'Sun Dec 09 22:44:12 ICT 2018'),(33,'SB33','20181',2,1,'Sun Dec 09 22:44:12 ICT 2018'),(34,'SB34','20181',3,1,'Sun Dec 09 22:44:12 ICT 2018'),(35,'SB35','20181',2,1,'Sun Dec 09 22:44:12 ICT 2018'),(36,'SB36','20181',3,1,'Sun Dec 09 22:44:12 ICT 2018'),(37,'SB37','20181',2,1,'Sun Dec 09 22:44:12 ICT 2018'),(38,'SB38','20181',3,1,'Sun Dec 09 22:44:12 ICT 2018'),(39,'SB39','20181',2,1,'Sun Dec 09 22:44:12 ICT 2018');
/*!40000 ALTER TABLE `detaillearningchart` ENABLE KEYS */;
UNLOCK TABLES;

--
-- Table structure for table `detailpermission`
--

DROP TABLE IF EXISTS `detailpermission`;
/*!40101 SET @saved_cs_client     = @@character_set_client */;
 SET character_set_client = utf8mb4 ;
CREATE TABLE `detailpermission` (
  `idPermission` int(11) NOT NULL,
  `idDetailPermission` int(11) NOT NULL,
  `name` varchar(50) DEFAULT NULL,
  `status` varchar(20) DEFAULT NULL,
  `stt` int(11) DEFAULT NULL,
  `timeModified` varchar(255) DEFAULT NULL,
  PRIMARY KEY (`idPermission`,`idDetailPermission`),
  CONSTRAINT `DetailPermission_ibfk_1` FOREIGN KEY (`idPermission`) REFERENCES `permission` (`idpermission`) ON UPDATE CASCADE
) ENGINE=InnoDB DEFAULT CHARSET=utf8mb4 COLLATE=utf8mb4_0900_ai_ci;
/*!40101 SET character_set_client = @saved_cs_client */;

--
-- Dumping data for table `detailpermission`
--

LOCK TABLES `detailpermission` WRITE;
/*!40000 ALTER TABLE `detailpermission` DISABLE KEYS */;
/*!40000 ALTER TABLE `detailpermission` ENABLE KEYS */;
UNLOCK TABLES;

--
-- Table structure for table `detailregisterclass`
--

DROP TABLE IF EXISTS `detailregisterclass`;
/*!40101 SET @saved_cs_client     = @@character_set_client */;
 SET character_set_client = utf8mb4 ;
CREATE TABLE `detailregisterclass` (
  `idRegister` int(11) NOT NULL,
  `idSchedule` int(11) NOT NULL,
  `classCode` varchar(10) DEFAULT NULL,
  `tuition` int(11) DEFAULT NULL,
  `midSemPoint` int(11) DEFAULT NULL,
  `finalSemPoint` int(11) DEFAULT NULL,
  `stt` int(11) DEFAULT NULL,
  `timeModified` varchar(255) DEFAULT NULL,
  PRIMARY KEY (`idRegister`,`idSchedule`),
  KEY `idSchedule` (`idSchedule`),
  CONSTRAINT `DetailRegisterClass_ibfk_1` FOREIGN KEY (`idRegister`) REFERENCES `registerclass` (`idregister`) ON UPDATE CASCADE,
  CONSTRAINT `DetailRegisterClass_ibfk_2` FOREIGN KEY (`idSchedule`) REFERENCES `schedule` (`idschedule`) ON UPDATE CASCADE
) ENGINE=InnoDB DEFAULT CHARSET=utf8mb4 COLLATE=utf8mb4_0900_ai_ci;
/*!40101 SET character_set_client = @saved_cs_client */;

--
-- Dumping data for table `detailregisterclass`
--

LOCK TABLES `detailregisterclass` WRITE;
/*!40000 ALTER TABLE `detailregisterclass` DISABLE KEYS */;
INSERT INTO `detailregisterclass` VALUES (1,1,'CC7',900000,5,7,1,'Sun Dec 09 22:44:09 ICT 2018'),(1,2,'CC3',900000,5,7,1,'Sun Dec 09 22:44:09 ICT 2018'),(2,1,'CC14',900000,5,7,1,'Sun Dec 09 22:44:09 ICT 2018'),(2,2,'CC15',1200000,5,7,1,'Sun Dec 09 22:44:09 ICT 2018'),(3,1,'CC23',1200000,5,7,1,'Sun Dec 09 22:44:09 ICT 2018'),(3,2,'CC21',1200000,5,7,1,'Sun Dec 09 22:44:09 ICT 2018'),(4,1,'CC29',900000,5,7,1,'Sun Dec 09 22:44:09 ICT 2018'),(4,2,'CC25',900000,5,7,1,'Sun Dec 09 22:44:09 ICT 2018'),(5,1,'CC35',1200000,5,7,1,'Sun Dec 09 22:44:09 ICT 2018'),(5,2,'CC36',1200000,5,7,1,'Sun Dec 09 22:44:09 ICT 2018'),(6,1,'CC41',900000,5,7,1,'Sun Dec 09 22:44:09 ICT 2018'),(6,2,'CC42',1200000,5,7,1,'Sun Dec 09 22:44:09 ICT 2018'),(7,1,'CC47',1200000,5,7,1,'Sun Dec 09 22:44:09 ICT 2018'),(7,2,'CC48',900000,5,7,1,'Sun Dec 09 22:44:09 ICT 2018'),(8,1,'CC53',1200000,5,7,1,'Sun Dec 09 22:44:09 ICT 2018'),(8,2,'CC55',1200000,5,7,1,'Sun Dec 09 22:44:09 ICT 2018'),(9,1,'CC61',1200000,5,7,1,'Sun Dec 09 22:44:09 ICT 2018'),(9,2,'CC60',900000,5,7,1,'Sun Dec 09 22:44:09 ICT 2018'),(10,1,'CC66',900000,5,7,1,'Sun Dec 09 22:44:10 ICT 2018'),(10,2,'CC70',900000,5,7,1,'Sun Dec 09 22:44:10 ICT 2018'),(11,1,'CC75',900000,5,7,1,'Sun Dec 09 22:44:10 ICT 2018'),(11,2,'CC76',1200000,5,7,1,'Sun Dec 09 22:44:10 ICT 2018'),(12,1,'CC84',1200000,5,7,1,'Sun Dec 09 22:44:10 ICT 2018'),(12,2,'CC79',900000,5,7,1,'Sun Dec 09 22:44:10 ICT 2018'),(13,1,'CC91',1200000,5,7,1,'Sun Dec 09 22:44:10 ICT 2018'),(13,2,'CC90',900000,5,7,1,'Sun Dec 09 22:44:10 ICT 2018'),(14,1,'CC99',900000,5,7,1,'Sun Dec 09 22:44:10 ICT 2018'),(14,2,'CC100',1200000,5,7,1,'Sun Dec 09 22:44:10 ICT 2018'),(15,1,'CC107',900000,5,7,1,'Sun Dec 09 22:44:10 ICT 2018'),(15,2,'CC106',1200000,5,7,1,'Sun Dec 09 22:44:10 ICT 2018'),(16,1,'CC114',900000,5,7,1,'Sun Dec 09 22:44:10 ICT 2018'),(16,2,'CC111',1200000,5,7,1,'Sun Dec 09 22:44:10 ICT 2018'),(17,1,'CC121',1200000,5,7,1,'Sun Dec 09 22:44:10 ICT 2018'),(17,2,'CC115',1200000,5,7,1,'Sun Dec 09 22:44:10 ICT 2018'),(18,1,'CC128',900000,5,7,1,'Sun Dec 09 22:44:10 ICT 2018'),(18,2,'CC126',900000,5,7,1,'Sun Dec 09 22:44:10 ICT 2018'),(19,1,'CC131',900000,5,7,1,'Sun Dec 09 22:44:10 ICT 2018'),(19,2,'CC135',900000,5,7,1,'Sun Dec 09 22:44:10 ICT 2018'),(20,1,'CC140',1200000,5,7,1,'Sun Dec 09 22:44:10 ICT 2018'),(20,2,'CC141',900000,5,7,1,'Sun Dec 09 22:44:10 ICT 2018'),(21,1,'CC147',1200000,5,7,1,'Sun Dec 09 22:44:10 ICT 2018'),(21,2,'CC148',900000,5,7,1,'Sun Dec 09 22:44:10 ICT 2018'),(22,1,'CC156',900000,5,7,1,'Sun Dec 09 22:44:10 ICT 2018'),(22,2,'CC154',900000,5,7,1,'Sun Dec 09 22:44:10 ICT 2018'),(23,1,'CC165',900000,5,7,1,'Sun Dec 09 22:44:10 ICT 2018'),(23,2,'CC164',1200000,5,7,1,'Sun Dec 09 22:44:10 ICT 2018'),(24,1,'CC174',1200000,5,7,1,'Sun Dec 09 22:44:10 ICT 2018'),(24,2,'CC172',1200000,5,7,1,'Sun Dec 09 22:44:10 ICT 2018'),(25,1,'CC178',900000,5,7,1,'Sun Dec 09 22:44:10 ICT 2018'),(25,2,'CC181',1200000,5,7,1,'Sun Dec 09 22:44:10 ICT 2018'),(26,1,'CC187',900000,5,7,1,'Sun Dec 09 22:44:11 ICT 2018'),(26,2,'CC188',1200000,5,7,1,'Sun Dec 09 22:44:11 ICT 2018'),(27,1,'CC196',900000,5,7,1,'Sun Dec 09 22:44:11 ICT 2018'),(27,2,'CC191',1200000,5,7,1,'Sun Dec 09 22:44:11 ICT 2018'),(28,1,'CC203',1200000,5,7,1,'Sun Dec 09 22:44:11 ICT 2018'),(28,2,'CC202',900000,5,7,1,'Sun Dec 09 22:44:11 ICT 2018'),(29,1,'CC208',1200000,5,7,1,'Sun Dec 09 22:44:11 ICT 2018'),(29,2,'CC210',1200000,5,7,1,'Sun Dec 09 22:44:11 ICT 2018'),(30,1,'CC218',900000,5,7,1,'Sun Dec 09 22:44:11 ICT 2018'),(30,2,'CC213',1200000,5,7,1,'Sun Dec 09 22:44:11 ICT 2018'),(31,1,'CC226',900000,5,7,1,'Sun Dec 09 22:44:11 ICT 2018'),(31,2,'CC221',1200000,5,7,1,'Sun Dec 09 22:44:11 ICT 2018'),(32,1,'CC233',900000,5,7,1,'Sun Dec 09 22:44:11 ICT 2018'),(32,2,'CC234',1200000,5,7,1,'Sun Dec 09 22:44:11 ICT 2018'),(33,1,'CC242',900000,5,7,1,'Sun Dec 09 22:44:11 ICT 2018'),(33,2,'CC237',1200000,5,7,1,'Sun Dec 09 22:44:11 ICT 2018'),(34,1,'CC250',1200000,5,7,1,'Sun Dec 09 22:44:11 ICT 2018'),(34,2,'CC244',1200000,5,7,1,'Sun Dec 09 22:44:11 ICT 2018'),(35,1,'CC259',1200000,5,7,1,'Sun Dec 09 22:44:11 ICT 2018'),(35,2,'CC258',1200000,5,7,1,'Sun Dec 09 22:44:11 ICT 2018'),(36,1,'CC267',900000,5,7,1,'Sun Dec 09 22:44:11 ICT 2018'),(36,2,'CC268',1200000,5,7,1,'Sun Dec 09 22:44:11 ICT 2018'),(37,1,'CC275',1200000,5,7,1,'Sun Dec 09 22:44:11 ICT 2018'),(37,2,'CC276',900000,5,7,1,'Sun Dec 09 22:44:11 ICT 2018'),(38,1,'CC283',1200000,5,7,1,'Sun Dec 09 22:44:12 ICT 2018'),(38,2,'CC282',900000,5,7,1,'Sun Dec 09 22:44:11 ICT 2018'),(39,1,'CC292',900000,5,7,1,'Sun Dec 09 22:44:12 ICT 2018'),(39,2,'CC291',1200000,5,7,1,'Sun Dec 09 22:44:12 ICT 2018');
/*!40000 ALTER TABLE `detailregisterclass` ENABLE KEYS */;
UNLOCK TABLES;

--
-- Table structure for table `detailsubjectregister`
--

DROP TABLE IF EXISTS `detailsubjectregister`;
/*!40101 SET @saved_cs_client     = @@character_set_client */;
 SET character_set_client = utf8mb4 ;
CREATE TABLE `detailsubjectregister` (
  `idRegister` int(11) NOT NULL,
  `idSubject` varchar(10) NOT NULL,
  `stt` int(11) DEFAULT NULL,
  `timeModified` varchar(255) DEFAULT NULL,
  PRIMARY KEY (`idRegister`,`idSubject`),
  KEY `idSubject` (`idSubject`),
  CONSTRAINT `DetailSubjectRegister_ibfk_1` FOREIGN KEY (`idRegister`) REFERENCES `subjectregister` (`idregister`) ON UPDATE CASCADE,
  CONSTRAINT `DetailSubjectRegister_ibfk_2` FOREIGN KEY (`idSubject`) REFERENCES `subject` (`idsubject`) ON UPDATE CASCADE
) ENGINE=InnoDB DEFAULT CHARSET=utf8mb4 COLLATE=utf8mb4_0900_ai_ci;
/*!40101 SET character_set_client = @saved_cs_client */;

--
-- Dumping data for table `detailsubjectregister`
--

LOCK TABLES `detailsubjectregister` WRITE;
/*!40000 ALTER TABLE `detailsubjectregister` DISABLE KEYS */;
INSERT INTO `detailsubjectregister` VALUES (1,'SB1',1,'Sun Dec 09 22:44:12 ICT 2018'),(1,'SB2',1,'Sun Dec 09 22:44:12 ICT 2018'),(1,'SB3',1,'Sun Dec 09 22:44:12 ICT 2018'),(1,'SB4',1,'Sun Dec 09 22:44:13 ICT 2018'),(1,'SB5',1,'Sun Dec 09 22:44:13 ICT 2018'),(1,'SB6',1,'Sun Dec 09 22:44:13 ICT 2018'),(1,'SB7',1,'Sun Dec 09 22:44:13 ICT 2018'),(2,'SB10',1,'Sun Dec 09 22:44:13 ICT 2018'),(2,'SB11',1,'Sun Dec 09 22:44:13 ICT 2018'),(2,'SB12',1,'Sun Dec 09 22:44:13 ICT 2018'),(2,'SB5',1,'Sun Dec 09 22:44:13 ICT 2018'),(2,'SB6',1,'Sun Dec 09 22:44:13 ICT 2018'),(2,'SB7',1,'Sun Dec 09 22:44:13 ICT 2018'),(2,'SB8',1,'Sun Dec 09 22:44:13 ICT 2018'),(2,'SB9',1,'Sun Dec 09 22:44:13 ICT 2018'),(3,'SB13',1,'Sun Dec 09 22:44:13 ICT 2018'),(3,'SB14',1,'Sun Dec 09 22:44:13 ICT 2018'),(3,'SB15',1,'Sun Dec 09 22:44:13 ICT 2018'),(3,'SB16',1,'Sun Dec 09 22:44:13 ICT 2018'),(3,'SB17',1,'Sun Dec 09 22:44:13 ICT 2018'),(3,'SB18',1,'Sun Dec 09 22:44:13 ICT 2018'),(3,'SB19',1,'Sun Dec 09 22:44:13 ICT 2018'),(3,'SB20',1,'Sun Dec 09 22:44:13 ICT 2018'),(4,'SB1',1,'Sun Dec 09 22:44:13 ICT 2018'),(4,'SB11',1,'Sun Dec 09 22:44:13 ICT 2018'),(4,'SB3',1,'Sun Dec 09 22:44:13 ICT 2018'),(4,'SB5',1,'Sun Dec 09 22:44:13 ICT 2018'),(4,'SB7',1,'Sun Dec 09 22:44:13 ICT 2018'),(4,'SB9',1,'Sun Dec 09 22:44:13 ICT 2018'),(5,'SB10',1,'Sun Dec 09 22:44:13 ICT 2018'),(5,'SB12',1,'Sun Dec 09 22:44:13 ICT 2018'),(5,'SB14',1,'Sun Dec 09 22:44:13 ICT 2018'),(5,'SB2',1,'Sun Dec 09 22:44:13 ICT 2018'),(5,'SB4',1,'Sun Dec 09 22:44:13 ICT 2018'),(5,'SB6',1,'Sun Dec 09 22:44:13 ICT 2018'),(5,'SB8',1,'Sun Dec 09 22:44:13 ICT 2018'),(6,'SB11',1,'Sun Dec 09 22:44:13 ICT 2018'),(6,'SB12',1,'Sun Dec 09 22:44:13 ICT 2018'),(6,'SB13',1,'Sun Dec 09 22:44:13 ICT 2018'),(6,'SB14',1,'Sun Dec 09 22:44:13 ICT 2018'),(6,'SB15',1,'Sun Dec 09 22:44:13 ICT 2018'),(6,'SB16',1,'Sun Dec 09 22:44:13 ICT 2018'),(7,'SB45',1,'Sun Dec 09 22:44:13 ICT 2018'),(7,'SB46',1,'Sun Dec 09 22:44:13 ICT 2018'),(7,'SB47',1,'Sun Dec 09 22:44:13 ICT 2018'),(7,'SB48',1,'Sun Dec 09 22:44:13 ICT 2018'),(7,'SB49',1,'Sun Dec 09 22:44:13 ICT 2018'),(7,'SB50',1,'Sun Dec 09 22:44:13 ICT 2018'),(8,'SB22',1,'Sun Dec 09 22:44:13 ICT 2018'),(8,'SB23',1,'Sun Dec 09 22:44:13 ICT 2018'),(8,'SB24',1,'Sun Dec 09 22:44:13 ICT 2018'),(8,'SB25',1,'Sun Dec 09 22:44:13 ICT 2018'),(8,'SB26',1,'Sun Dec 09 22:44:13 ICT 2018'),(8,'SB27',1,'Sun Dec 09 22:44:13 ICT 2018'),(8,'SB28',1,'Sun Dec 09 22:44:13 ICT 2018'),(9,'SB17',1,'Sun Dec 09 22:44:13 ICT 2018'),(9,'SB18',1,'Sun Dec 09 22:44:13 ICT 2018'),(9,'SB19',1,'Sun Dec 09 22:44:13 ICT 2018'),(9,'SB20',1,'Sun Dec 09 22:44:13 ICT 2018'),(9,'SB21',1,'Sun Dec 09 22:44:13 ICT 2018'),(9,'SB22',1,'Sun Dec 09 22:44:13 ICT 2018'),(10,'SB35',1,'Sun Dec 09 22:44:13 ICT 2018'),(10,'SB36',1,'Sun Dec 09 22:44:13 ICT 2018'),(10,'SB37',1,'Sun Dec 09 22:44:13 ICT 2018'),(10,'SB38',1,'Sun Dec 09 22:44:13 ICT 2018'),(10,'SB39',1,'Sun Dec 09 22:44:13 ICT 2018'),(10,'SB40',1,'Sun Dec 09 22:44:13 ICT 2018'),(10,'SB41',1,'Sun Dec 09 22:44:13 ICT 2018'),(10,'SB42',1,'Sun Dec 09 22:44:13 ICT 2018'),(10,'SB43',1,'Sun Dec 09 22:44:13 ICT 2018'),(11,'SB45',1,'Sun Dec 09 22:44:13 ICT 2018'),(11,'SB46',1,'Sun Dec 09 22:44:13 ICT 2018'),(11,'SB47',1,'Sun Dec 09 22:44:13 ICT 2018'),(11,'SB48',1,'Sun Dec 09 22:44:13 ICT 2018'),(11,'SB49',1,'Sun Dec 09 22:44:13 ICT 2018'),(11,'SB50',1,'Sun Dec 09 22:44:13 ICT 2018'),(12,'SB29',1,'Sun Dec 09 22:44:13 ICT 2018'),(12,'SB30',1,'Sun Dec 09 22:44:13 ICT 2018'),(12,'SB31',1,'Sun Dec 09 22:44:13 ICT 2018'),(12,'SB32',1,'Sun Dec 09 22:44:13 ICT 2018'),(12,'SB33',1,'Sun Dec 09 22:44:13 ICT 2018'),(12,'SB34',1,'Sun Dec 09 22:44:13 ICT 2018'),(12,'SB35',1,'Sun Dec 09 22:44:13 ICT 2018'),(12,'SB36',1,'Sun Dec 09 22:44:13 ICT 2018'),(13,'SB40',1,'Sun Dec 09 22:44:13 ICT 2018'),(13,'SB41',1,'Sun Dec 09 22:44:13 ICT 2018'),(13,'SB42',1,'Sun Dec 09 22:44:13 ICT 2018'),(13,'SB43',1,'Sun Dec 09 22:44:13 ICT 2018'),(13,'SB44',1,'Sun Dec 09 22:44:13 ICT 2018'),(13,'SB45',1,'Sun Dec 09 22:44:13 ICT 2018'),(13,'SB46',1,'Sun Dec 09 22:44:13 ICT 2018'),(14,'SB30',1,'Sun Dec 09 22:44:13 ICT 2018'),(14,'SB31',1,'Sun Dec 09 22:44:13 ICT 2018'),(14,'SB32',1,'Sun Dec 09 22:44:13 ICT 2018'),(14,'SB33',1,'Sun Dec 09 22:44:13 ICT 2018'),(14,'SB34',1,'Sun Dec 09 22:44:13 ICT 2018'),(14,'SB35',1,'Sun Dec 09 22:44:13 ICT 2018'),(14,'SB36',1,'Sun Dec 09 22:44:13 ICT 2018'),(14,'SB37',1,'Sun Dec 09 22:44:13 ICT 2018'),(14,'SB38',1,'Sun Dec 09 22:44:13 ICT 2018'),(15,'SB11',1,'Sun Dec 09 22:44:13 ICT 2018'),(15,'SB12',1,'Sun Dec 09 22:44:13 ICT 2018'),(15,'SB13',1,'Sun Dec 09 22:44:13 ICT 2018'),(15,'SB14',1,'Sun Dec 09 22:44:13 ICT 2018'),(15,'SB15',1,'Sun Dec 09 22:44:13 ICT 2018'),(15,'SB16',1,'Sun Dec 09 22:44:13 ICT 2018'),(15,'SB17',1,'Sun Dec 09 22:44:13 ICT 2018'),(16,'SB1',1,'Sun Dec 09 22:44:13 ICT 2018'),(16,'SB2',1,'Sun Dec 09 22:44:13 ICT 2018'),(16,'SB3',1,'Sun Dec 09 22:44:13 ICT 2018'),(16,'SB4',1,'Sun Dec 09 22:44:13 ICT 2018'),(16,'SB5',1,'Sun Dec 09 22:44:14 ICT 2018'),(16,'SB6',1,'Sun Dec 09 22:44:14 ICT 2018'),(16,'SB7',1,'Sun Dec 09 22:44:14 ICT 2018'),(17,'SB20',1,'Sun Dec 09 22:44:14 ICT 2018'),(17,'SB21',1,'Sun Dec 09 22:44:14 ICT 2018'),(17,'SB22',1,'Sun Dec 09 22:44:14 ICT 2018'),(17,'SB23',1,'Sun Dec 09 22:44:14 ICT 2018'),(17,'SB24',1,'Sun Dec 09 22:44:14 ICT 2018'),(17,'SB25',1,'Sun Dec 09 22:44:14 ICT 2018'),(17,'SB26',1,'Sun Dec 09 22:44:14 ICT 2018'),(18,'SB35',1,'Sun Dec 09 22:44:14 ICT 2018'),(18,'SB36',1,'Sun Dec 09 22:44:14 ICT 2018'),(18,'SB37',1,'Sun Dec 09 22:44:14 ICT 2018'),(18,'SB38',1,'Sun Dec 09 22:44:14 ICT 2018'),(18,'SB39',1,'Sun Dec 09 22:44:14 ICT 2018'),(18,'SB40',1,'Sun Dec 09 22:44:14 ICT 2018'),(18,'SB41',1,'Sun Dec 09 22:44:14 ICT 2018'),(19,'SB35',1,'Sun Dec 09 22:44:14 ICT 2018'),(19,'SB36',1,'Sun Dec 09 22:44:14 ICT 2018'),(19,'SB37',1,'Sun Dec 09 22:44:14 ICT 2018'),(19,'SB38',1,'Sun Dec 09 22:44:14 ICT 2018'),(19,'SB39',1,'Sun Dec 09 22:44:14 ICT 2018'),(19,'SB40',1,'Sun Dec 09 22:44:14 ICT 2018'),(19,'SB41',1,'Sun Dec 09 22:44:14 ICT 2018'),(20,'SB22',1,'Sun Dec 09 22:44:14 ICT 2018'),(20,'SB23',1,'Sun Dec 09 22:44:14 ICT 2018'),(20,'SB24',1,'Sun Dec 09 22:44:14 ICT 2018'),(20,'SB25',1,'Sun Dec 09 22:44:14 ICT 2018'),(20,'SB26',1,'Sun Dec 09 22:44:14 ICT 2018'),(20,'SB27',1,'Sun Dec 09 22:44:14 ICT 2018'),(21,'SB33',1,'Sun Dec 09 22:44:14 ICT 2018'),(21,'SB34',1,'Sun Dec 09 22:44:14 ICT 2018'),(21,'SB35',1,'Sun Dec 09 22:44:14 ICT 2018'),(21,'SB36',1,'Sun Dec 09 22:44:14 ICT 2018'),(21,'SB37',1,'Sun Dec 09 22:44:14 ICT 2018'),(21,'SB38',1,'Sun Dec 09 22:44:14 ICT 2018'),(21,'SB39',1,'Sun Dec 09 22:44:14 ICT 2018'),(22,'SB42',1,'Sun Dec 09 22:44:14 ICT 2018'),(22,'SB43',1,'Sun Dec 09 22:44:14 ICT 2018'),(22,'SB44',1,'Sun Dec 09 22:44:14 ICT 2018'),(22,'SB45',1,'Sun Dec 09 22:44:14 ICT 2018'),(22,'SB46',1,'Sun Dec 09 22:44:14 ICT 2018'),(22,'SB47',1,'Sun Dec 09 22:44:14 ICT 2018'),(22,'SB48',1,'Sun Dec 09 22:44:14 ICT 2018'),(22,'SB49',1,'Sun Dec 09 22:44:14 ICT 2018'),(23,'SB11',1,'Sun Dec 09 22:44:14 ICT 2018'),(23,'SB12',1,'Sun Dec 09 22:44:14 ICT 2018'),(23,'SB13',1,'Sun Dec 09 22:44:14 ICT 2018'),(23,'SB14',1,'Sun Dec 09 22:44:14 ICT 2018'),(23,'SB15',1,'Sun Dec 09 22:44:14 ICT 2018'),(23,'SB16',1,'Sun Dec 09 22:44:14 ICT 2018'),(23,'SB17',1,'Sun Dec 09 22:44:14 ICT 2018'),(23,'SB18',1,'Sun Dec 09 22:44:14 ICT 2018'),(23,'SB19',1,'Sun Dec 09 22:44:14 ICT 2018'),(24,'SB22',1,'Sun Dec 09 22:44:14 ICT 2018'),(24,'SB23',1,'Sun Dec 09 22:44:14 ICT 2018'),(24,'SB24',1,'Sun Dec 09 22:44:14 ICT 2018'),(24,'SB25',1,'Sun Dec 09 22:44:14 ICT 2018'),(24,'SB26',1,'Sun Dec 09 22:44:14 ICT 2018'),(24,'SB27',1,'Sun Dec 09 22:44:14 ICT 2018'),(24,'SB28',1,'Sun Dec 09 22:44:14 ICT 2018'),(24,'SB29',1,'Sun Dec 09 22:44:14 ICT 2018'),(24,'SB30',1,'Sun Dec 09 22:44:14 ICT 2018'),(25,'SB34',1,'Sun Dec 09 22:44:14 ICT 2018'),(25,'SB35',1,'Sun Dec 09 22:44:14 ICT 2018'),(25,'SB36',1,'Sun Dec 09 22:44:14 ICT 2018'),(25,'SB37',1,'Sun Dec 09 22:44:14 ICT 2018'),(25,'SB38',1,'Sun Dec 09 22:44:14 ICT 2018'),(25,'SB39',1,'Sun Dec 09 22:44:14 ICT 2018'),(25,'SB40',1,'Sun Dec 09 22:44:14 ICT 2018'),(26,'SB40',1,'Sun Dec 09 22:44:14 ICT 2018'),(26,'SB41',1,'Sun Dec 09 22:44:14 ICT 2018'),(26,'SB42',1,'Sun Dec 09 22:44:14 ICT 2018'),(26,'SB43',1,'Sun Dec 09 22:44:14 ICT 2018'),(26,'SB44',1,'Sun Dec 09 22:44:14 ICT 2018'),(26,'SB45',1,'Sun Dec 09 22:44:14 ICT 2018'),(26,'SB46',1,'Sun Dec 09 22:44:14 ICT 2018'),(27,'SB30',1,'Sun Dec 09 22:44:14 ICT 2018'),(27,'SB31',1,'Sun Dec 09 22:44:14 ICT 2018'),(27,'SB32',1,'Sun Dec 09 22:44:14 ICT 2018'),(27,'SB33',1,'Sun Dec 09 22:44:14 ICT 2018'),(27,'SB34',1,'Sun Dec 09 22:44:14 ICT 2018'),(27,'SB35',1,'Sun Dec 09 22:44:14 ICT 2018'),(27,'SB36',1,'Sun Dec 09 22:44:14 ICT 2018'),(27,'SB37',1,'Sun Dec 09 22:44:14 ICT 2018'),(28,'SB40',1,'Sun Dec 09 22:44:14 ICT 2018'),(28,'SB41',1,'Sun Dec 09 22:44:14 ICT 2018'),(28,'SB42',1,'Sun Dec 09 22:44:14 ICT 2018'),(28,'SB43',1,'Sun Dec 09 22:44:14 ICT 2018'),(28,'SB44',1,'Sun Dec 09 22:44:14 ICT 2018'),(28,'SB45',1,'Sun Dec 09 22:44:14 ICT 2018'),(28,'SB46',1,'Sun Dec 09 22:44:14 ICT 2018'),(29,'SB22',1,'Sun Dec 09 22:44:14 ICT 2018'),(29,'SB23',1,'Sun Dec 09 22:44:14 ICT 2018'),(29,'SB24',1,'Sun Dec 09 22:44:14 ICT 2018'),(29,'SB25',1,'Sun Dec 09 22:44:14 ICT 2018'),(29,'SB26',1,'Sun Dec 09 22:44:14 ICT 2018'),(29,'SB27',1,'Sun Dec 09 22:44:14 ICT 2018'),(29,'SB28',1,'Sun Dec 09 22:44:14 ICT 2018'),(30,'SB30',1,'Sun Dec 09 22:44:14 ICT 2018'),(30,'SB31',1,'Sun Dec 09 22:44:14 ICT 2018'),(30,'SB32',1,'Sun Dec 09 22:44:14 ICT 2018'),(30,'SB33',1,'Sun Dec 09 22:44:14 ICT 2018'),(30,'SB34',1,'Sun Dec 09 22:44:14 ICT 2018'),(30,'SB35',1,'Sun Dec 09 22:44:14 ICT 2018'),(30,'SB36',1,'Sun Dec 09 22:44:14 ICT 2018'),(30,'SB37',1,'Sun Dec 09 22:44:14 ICT 2018'),(31,'SB43',1,'Sun Dec 09 22:44:14 ICT 2018'),(31,'SB44',1,'Sun Dec 09 22:44:14 ICT 2018'),(31,'SB45',1,'Sun Dec 09 22:44:14 ICT 2018'),(31,'SB46',1,'Sun Dec 09 22:44:14 ICT 2018'),(31,'SB47',1,'Sun Dec 09 22:44:14 ICT 2018'),(31,'SB48',1,'Sun Dec 09 22:44:14 ICT 2018'),(31,'SB49',1,'Sun Dec 09 22:44:14 ICT 2018'),(31,'SB50',1,'Sun Dec 09 22:44:14 ICT 2018'),(32,'SB43',1,'Sun Dec 09 22:44:14 ICT 2018'),(32,'SB44',1,'Sun Dec 09 22:44:14 ICT 2018'),(32,'SB45',1,'Sun Dec 09 22:44:14 ICT 2018'),(32,'SB46',1,'Sun Dec 09 22:44:14 ICT 2018'),(32,'SB47',1,'Sun Dec 09 22:44:14 ICT 2018'),(32,'SB48',1,'Sun Dec 09 22:44:14 ICT 2018'),(32,'SB49',1,'Sun Dec 09 22:44:14 ICT 2018'),(32,'SB50',1,'Sun Dec 09 22:44:14 ICT 2018'),(33,'SB30',1,'Sun Dec 09 22:44:14 ICT 2018'),(33,'SB31',1,'Sun Dec 09 22:44:14 ICT 2018'),(33,'SB32',1,'Sun Dec 09 22:44:14 ICT 2018'),(33,'SB33',1,'Sun Dec 09 22:44:14 ICT 2018'),(33,'SB34',1,'Sun Dec 09 22:44:14 ICT 2018'),(33,'SB35',1,'Sun Dec 09 22:44:14 ICT 2018'),(33,'SB36',1,'Sun Dec 09 22:44:14 ICT 2018'),(33,'SB37',1,'Sun Dec 09 22:44:14 ICT 2018'),(34,'SB1',1,'Sun Dec 09 22:44:14 ICT 2018'),(34,'SB2',1,'Sun Dec 09 22:44:14 ICT 2018'),(34,'SB3',1,'Sun Dec 09 22:44:14 ICT 2018'),(34,'SB4',1,'Sun Dec 09 22:44:14 ICT 2018'),(34,'SB5',1,'Sun Dec 09 22:44:14 ICT 2018'),(34,'SB6',1,'Sun Dec 09 22:44:14 ICT 2018'),(34,'SB7',1,'Sun Dec 09 22:44:14 ICT 2018'),(34,'SB8',1,'Sun Dec 09 22:44:14 ICT 2018'),(35,'SB33',1,'Sun Dec 09 22:44:14 ICT 2018'),(35,'SB34',1,'Sun Dec 09 22:44:15 ICT 2018'),(35,'SB35',1,'Sun Dec 09 22:44:15 ICT 2018'),(35,'SB36',1,'Sun Dec 09 22:44:15 ICT 2018'),(35,'SB37',1,'Sun Dec 09 22:44:15 ICT 2018'),(35,'SB38',1,'Sun Dec 09 22:44:15 ICT 2018'),(35,'SB39',1,'Sun Dec 09 22:44:15 ICT 2018'),(35,'SB40',1,'Sun Dec 09 22:44:15 ICT 2018'),(35,'SB44',1,'Sun Dec 09 22:44:15 ICT 2018'),(36,'SB40',1,'Sun Dec 09 22:44:15 ICT 2018'),(36,'SB41',1,'Sun Dec 09 22:44:15 ICT 2018'),(36,'SB42',1,'Sun Dec 09 22:44:15 ICT 2018'),(36,'SB43',1,'Sun Dec 09 22:44:15 ICT 2018'),(36,'SB44',1,'Sun Dec 09 22:44:15 ICT 2018'),(36,'SB45',1,'Sun Dec 09 22:44:15 ICT 2018'),(36,'SB46',1,'Sun Dec 09 22:44:15 ICT 2018'),(36,'SB47',1,'Sun Dec 09 22:44:15 ICT 2018'),(36,'SB48',1,'Sun Dec 09 22:44:15 ICT 2018'),(37,'SB43',1,'Sun Dec 09 22:44:15 ICT 2018'),(37,'SB44',1,'Sun Dec 09 22:44:15 ICT 2018'),(37,'SB45',1,'Sun Dec 09 22:44:15 ICT 2018'),(37,'SB46',1,'Sun Dec 09 22:44:15 ICT 2018'),(37,'SB47',1,'Sun Dec 09 22:44:15 ICT 2018'),(37,'SB48',1,'Sun Dec 09 22:44:15 ICT 2018'),(37,'SB49',1,'Sun Dec 09 22:44:15 ICT 2018'),(37,'SB50',1,'Sun Dec 09 22:44:15 ICT 2018'),(38,'SB44',1,'Sun Dec 09 22:44:15 ICT 2018'),(38,'SB45',1,'Sun Dec 09 22:44:15 ICT 2018'),(38,'SB46',1,'Sun Dec 09 22:44:15 ICT 2018'),(38,'SB47',1,'Sun Dec 09 22:44:15 ICT 2018'),(38,'SB48',1,'Sun Dec 09 22:44:15 ICT 2018'),(38,'SB49',1,'Sun Dec 09 22:44:15 ICT 2018'),(38,'SB50',1,'Sun Dec 09 22:44:15 ICT 2018'),(39,'SB25',1,'Sun Dec 09 22:44:15 ICT 2018'),(39,'SB26',1,'Sun Dec 09 22:44:15 ICT 2018'),(39,'SB27',1,'Sun Dec 09 22:44:15 ICT 2018'),(39,'SB28',1,'Sun Dec 09 22:44:15 ICT 2018'),(39,'SB29',1,'Sun Dec 09 22:44:15 ICT 2018'),(39,'SB30',1,'Sun Dec 09 22:44:15 ICT 2018'),(39,'SB31',1,'Sun Dec 09 22:44:15 ICT 2018'),(39,'SB32',1,'Sun Dec 09 22:44:15 ICT 2018'),(39,'SB33',1,'Sun Dec 09 22:44:15 ICT 2018');
/*!40000 ALTER TABLE `detailsubjectregister` ENABLE KEYS */;
UNLOCK TABLES;

--
-- Table structure for table `genre`
--

DROP TABLE IF EXISTS `genre`;
/*!40101 SET @saved_cs_client     = @@character_set_client */;
 SET character_set_client = utf8mb4 ;
CREATE TABLE `genre` (
  `idGenre` int(11) NOT NULL,
  `idDepartment` int(11) DEFAULT NULL,
  `name` varchar(255) DEFAULT NULL,
  `description` varchar(255) DEFAULT NULL,
  `stt` int(11) DEFAULT NULL,
  `timeModified` varchar(255) DEFAULT NULL,
  PRIMARY KEY (`idGenre`),
  KEY `idDepartment` (`idDepartment`),
  CONSTRAINT `Genre_ibfk_1` FOREIGN KEY (`idDepartment`) REFERENCES `department` (`iddepartment`) ON UPDATE CASCADE
) ENGINE=InnoDB DEFAULT CHARSET=utf8mb4 COLLATE=utf8mb4_0900_ai_ci;
/*!40101 SET character_set_client = @saved_cs_client */;

--
-- Dumping data for table `genre`
--

LOCK TABLES `genre` WRITE;
/*!40000 ALTER TABLE `genre` DISABLE KEYS */;
INSERT INTO `genre` VALUES (1,1,'Bộ môn Lý luận và GDTC cơ bản',NULL,1,'Sun Dec 09 22:43:58 ICT 2018'),(2,1,'Bộ môn Thể thao tự chọn',NULL,1,'Sun Dec 09 22:43:58 ICT 2018'),(3,2,'Bộ môn Công nghệ chế tạo máy',NULL,1,'Sun Dec 09 22:43:58 ICT 2018'),(4,2,'Bộ môn Hàn và Công nghệ Kim loại',NULL,1,'Sun Dec 09 22:43:58 ICT 2018'),(5,2,'Bộ môn Cơ khí chính xác và Quang học',NULL,1,'Sun Dec 09 22:43:58 ICT 2018'),(6,2,'Bộ môn Gia công áp lực',NULL,1,'Sun Dec 09 22:43:59 ICT 2018'),(7,2,'Bộ môn Khoa học và Công nghệ sản phẩm chất dẻo - Composite ',NULL,1,'Sun Dec 09 22:43:59 ICT 2018'),(8,3,'Bộ môn Vật liệu và Công nghệ Hóa Dệt',NULL,1,'Sun Dec 09 22:43:59 ICT 2018'),(9,3,'Bộ môn Công nghệ Dệt',NULL,1,'Sun Dec 09 22:43:59 ICT 2018'),(10,3,'Bộ môn Công nghệ May và Thời Trang',NULL,1,'Sun Dec 09 22:43:59 ICT 2018'),(11,3,'Bộ môn Trung tâm thí nghiệm vật liệu dệt',NULL,1,'Sun Dec 09 22:43:59 ICT 2018'),(12,4,'Bộ môn Công nghệ phần mềm',NULL,1,'Sun Dec 09 22:43:59 ICT 2018'),(13,4,'Bộ môn Khoa học máy tính',NULL,1,'Sun Dec 09 22:43:59 ICT 2018'),(14,4,'Bộ môn Hệ thống thông tin',NULL,1,'Sun Dec 09 22:43:59 ICT 2018'),(15,4,'Bộ môn truyền thông mạng máy tính',NULL,1,'Sun Dec 09 22:43:59 ICT 2018'),(16,4,'Bộ môn An toàn thông tin',NULL,1,'Sun Dec 09 22:43:59 ICT 2018'),(17,4,'Bộ môn Kỹ thuật máy tính',NULL,1,'Sun Dec 09 22:43:59 ICT 2018'),(18,5,'Bộ môn Hoá lý',NULL,1,'Sun Dec 09 22:43:59 ICT 2018'),(19,5,'Bộ môn Hoá hữu cơ',NULL,1,'Sun Dec 09 22:43:59 ICT 2018'),(20,5,'Bộ môn Phân tích',NULL,1,'Sun Dec 09 22:43:59 ICT 2018'),(21,5,'Bộ môn Vô cơ - Đại cương',NULL,1,'Sun Dec 09 22:43:59 ICT 2018'),(22,5,'Bộ môn Công nghệ in',NULL,1,'Sun Dec 09 22:43:59 ICT 2018'),(23,5,'Bộ môn Máy và thiết bị công nghệ Hóa chất-Dầu khí',NULL,1,'Sun Dec 09 22:43:59 ICT 2018'),(24,5,'Bộ môn Công nghệ Hữu cơ-Hóa dầu',NULL,1,'Sun Dec 09 22:43:59 ICT 2018'),(25,5,'Bộ môn Công nghệ các chất Vô cơ',NULL,1,'Sun Dec 09 22:43:59 ICT 2018'),(26,5,'Bộ môn Công nghệ Điện hoá và Bảo vệ Kim loại',NULL,1,'Sun Dec 09 22:43:59 ICT 2018'),(27,5,'Bộ môn Quá trình-Thiết bị công nghệ Hóa học-Thực phẩm',NULL,1,'Sun Dec 09 22:43:59 ICT 2018'),(28,5,'Bộ môn Công nghệ Vật liệu Silicát ',NULL,1,'Sun Dec 09 22:43:59 ICT 2018'),(29,5,'Bộ môn Xây dựng Công nghiệp ',NULL,1,'Sun Dec 09 22:43:59 ICT 2018'),(30,5,'Bộ môn Công nghệ Xenluloza-Giấy',NULL,1,'Sun Dec 09 22:43:59 ICT 2018'),(31,5,'Bộ môn Công nghệ Hoá dược & Bảo vệ thực vật',NULL,1,'Sun Dec 09 22:43:59 ICT 2018'),(32,6,'Bộ môn Hệ thống điện',NULL,1,'Sun Dec 09 22:43:59 ICT 2018'),(33,6,'Bộ môn Thiết bị điện - Điện tử',NULL,1,'Sun Dec 09 22:43:59 ICT 2018'),(34,6,'Bộ môn Kỹ thuật đo và Tin học công nghiệp',NULL,1,'Sun Dec 09 22:43:59 ICT 2018'),(35,6,'Bộ môn Tự động hoá công nghiệp',NULL,1,'Sun Dec 09 22:43:59 ICT 2018'),(36,6,'Bộ môn Điều khiển tự động',NULL,1,'Sun Dec 09 22:43:59 ICT 2018'),(37,7,'Bộ môn Điện tử và kỹ thuật máy tính',NULL,1,'Sun Dec 09 22:43:59 ICT 2018'),(38,7,'Bộ môn Kỹ thuật Thông tin-Truyền thông',NULL,1,'Sun Dec 09 22:43:59 ICT 2018'),(39,7,'Bộ môn Kỹ thuật y sinh',NULL,1,'Sun Dec 09 22:43:59 ICT 2018'),(40,7,'Bộ môn kỹ thuật Điện tử hàng không- Vũ trụ',NULL,1,'Sun Dec 09 22:43:59 ICT 2018'),(41,8,'Bộ môn Đường lối quân sự của Đảng',NULL,1,'Sun Dec 09 22:43:59 ICT 2018'),(42,8,'Bộ môn Công tác Quốc phòng an ninh',NULL,1,'Sun Dec 09 22:43:59 ICT 2018'),(43,8,'Bộ môn Quân sự chung',NULL,1,'Sun Dec 09 22:43:59 ICT 2018'),(44,8,'Bộ môn Quân binh chủng',NULL,1,'Sun Dec 09 22:43:59 ICT 2018'),(45,9,'Bộ môn KHQL và Luật',NULL,1,'Sun Dec 09 22:43:59 ICT 2018'),(46,9,'Bộ môn Kinh tế công nghiệp',NULL,1,'Sun Dec 09 22:43:59 ICT 2018'),(47,9,'Bộ môn Kinh tế học',NULL,1,'Sun Dec 09 22:43:59 ICT 2018'),(48,9,'Bộ môn Quản lý công nghiệp',NULL,1,'Sun Dec 09 22:43:59 ICT 2018'),(49,9,'Bộ môn Quản lý tài chính',NULL,1,'Sun Dec 09 22:43:59 ICT 2018'),(50,9,'Bộ môn Quản trị kinh doanh',NULL,1,'Sun Dec 09 22:43:59 ICT 2018'),(51,10,'Bộ môn Kỹ thuật Gang thép',NULL,1,'Sun Dec 09 22:43:59 ICT 2018'),(52,10,'Bộ môn Vật liệu kim loại mầu & Compozit',NULL,1,'Sun Dec 09 22:43:59 ICT 2018'),(53,10,'Bộ môn Vật liệu và Công nghệ đúc',NULL,1,'Sun Dec 09 22:43:59 ICT 2018'),(54,10,'Bộ môn Cơ học vật liệu và Cán kim loại',NULL,1,'Sun Dec 09 22:43:59 ICT 2018'),(55,10,'Bộ môn Vật liệu học, Xử lý nhiệt và bề mặt',NULL,1,'Sun Dec 09 22:43:59 ICT 2018'),(56,11,'Bộ môn NHỮNG NGUYÊN LÝ CƠ BẢN CỦA CHỦ NGHĨA MÁC-LÊNIN',NULL,1,'Sun Dec 09 22:43:59 ICT 2018'),(57,11,'Bộ môn ĐƯỜNG LỐI CÁCH MẠNG CỦA ĐẢNG CỘNG SẢN VIỆT NAM',NULL,1,'Sun Dec 09 22:43:59 ICT 2018'),(58,11,'Bộ môn TƯ TƯỞNG HỒ CHÍ MINH',NULL,1,'Sun Dec 09 22:43:59 ICT 2018'),(59,12,'Bộ môn Tiếng Anh Cơ sở',NULL,1,'Sun Dec 09 22:43:59 ICT 2018'),(60,12,'Bộ môn Tiếng Anh Chuyên nghiệp',NULL,1,'Sun Dec 09 22:43:59 ICT 2018'),(61,12,'Bộ môn Lý thuyết tiếng và Văn hoá - Văn minh Anh-Mỹ',NULL,1,'Sun Dec 09 22:43:59 ICT 2018'),(62,12,'Bộ môn Ngôn ngữ và Văn hoá Á Đông',NULL,1,'Sun Dec 09 22:43:59 ICT 2018'),(63,12,'Bộ môn Tiếng Pháp',NULL,1,'Sun Dec 09 22:43:59 ICT 2018'),(64,12,'Bộ môn Tiếng Anh khối Kỹ thuật',NULL,1,'Sun Dec 09 22:43:59 ICT 2018'),(65,13,'Bộ môn Khoa học và Công nghệ Giáo dục',NULL,1,'Sun Dec 09 22:43:59 ICT 2018'),(66,13,'Bộ môn Sư phạm các ngành kỹ thuật',NULL,1,'Sun Dec 09 22:43:59 ICT 2018'),(67,14,'Bộ môn Toán cơ bản',NULL,1,'Sun Dec 09 22:43:59 ICT 2018'),(68,14,'Bộ môn Toán tin',NULL,1,'Sun Dec 09 22:43:59 ICT 2018'),(69,14,'Bộ môn Toán ứng dụng',NULL,1,'Sun Dec 09 22:43:59 ICT 2018'),(70,15,'Bộ môn Ôtô và xe chuyên dụng',NULL,1,'Sun Dec 09 22:43:59 ICT 2018'),(71,15,'Bộ môn Động cơ đốt trong',NULL,1,'Sun Dec 09 22:43:59 ICT 2018'),(72,15,'Bộ môn Máy-tự động thủy khí',NULL,1,'Sun Dec 09 22:43:59 ICT 2018'),(73,15,'Bộ môn Kỹ thuật thủy khí và tàu thủy',NULL,1,'Sun Dec 09 22:44:00 ICT 2018'),(74,15,'Bộ môn Kỹ thuật hàng không và Vũ trụ',NULL,1,'Sun Dec 09 22:44:00 ICT 2018'),(75,16,'Bộ môn Công nghệ sinh học',NULL,1,'Sun Dec 09 22:44:00 ICT 2018'),(76,16,'Bộ môn Công nghệ thực phẩm',NULL,1,'Sun Dec 09 22:44:00 ICT 2018'),(77,16,'Bộ môn Vi sinh- hóa sinh- sinh học phân tử',NULL,1,'Sun Dec 09 22:44:00 ICT 2018'),(78,16,'Bộ môn Quản lý chất lượng',NULL,1,'Sun Dec 09 22:44:00 ICT 2018'),(79,16,'Bộ môn Quá trình-thiết bị CNSH-CNTP',NULL,1,'Sun Dec 09 22:44:00 ICT 2018'),(80,17,'Bộ môn Công nghệ môi trường',NULL,1,'Sun Dec 09 22:44:00 ICT 2018'),(81,17,'Bộ môn Quản lý môi trường',NULL,1,'Sun Dec 09 22:44:00 ICT 2018'),(82,18,'Bộ môn Kỹ thuật Nhiệt',NULL,1,'Sun Dec 09 22:44:00 ICT 2018'),(83,18,'Bộ môn Kỹ thuật Lạnh & ĐHKK',NULL,1,'Sun Dec 09 22:44:00 ICT 2018'),(84,18,'Bộ môn Hệ thống năng lượng Nhiệt',NULL,1,'Sun Dec 09 22:44:00 ICT 2018'),(85,18,'Bộ môn Tự động hóa & ĐK QTN',NULL,1,'Sun Dec 09 22:44:00 ICT 2018'),(86,19,'Bộ môn Vật lý đại cương',NULL,1,'Sun Dec 09 22:44:00 ICT 2018'),(87,19,'Bộ môn Vật lý lý thuyết',NULL,1,'Sun Dec 09 22:44:00 ICT 2018'),(88,19,'Bộ môn Vật lý tin học',NULL,1,'Sun Dec 09 22:44:00 ICT 2018'),(89,19,'Bộ môn Vật liệu điện tử',NULL,1,'Sun Dec 09 22:44:00 ICT 2018'),(90,19,'Bộ môn Quang học và quang điện tử',NULL,1,'Sun Dec 09 22:44:00 ICT 2018'),(91,19,'Bộ môn Kỹ thuật hạt nhân và vật lý môi trường',NULL,1,'Sun Dec 09 22:44:00 ICT 2018');
/*!40000 ALTER TABLE `genre` ENABLE KEYS */;
UNLOCK TABLES;

--
-- Table structure for table `learningchart`
--

DROP TABLE IF EXISTS `learningchart`;
/*!40101 SET @saved_cs_client     = @@character_set_client */;
 SET character_set_client = utf8mb4 ;
CREATE TABLE `learningchart` (
  `idLearningChart` int(11) NOT NULL,
  `idStudent` int(11) DEFAULT NULL,
  `totalCredit` int(11) DEFAULT NULL,
  `stt` int(11) DEFAULT NULL,
  `timeModified` varchar(255) DEFAULT NULL,
  PRIMARY KEY (`idLearningChart`),
  KEY `idStudent` (`idStudent`),
  CONSTRAINT `LearningChart_ibfk_1` FOREIGN KEY (`idStudent`) REFERENCES `student` (`idstudent`) ON UPDATE CASCADE
) ENGINE=InnoDB DEFAULT CHARSET=utf8mb4 COLLATE=utf8mb4_0900_ai_ci;
/*!40101 SET character_set_client = @saved_cs_client */;

--
-- Dumping data for table `learningchart`
--

LOCK TABLES `learningchart` WRITE;
/*!40000 ALTER TABLE `learningchart` DISABLE KEYS */;
INSERT INTO `learningchart` VALUES (1,1,100,1,'Sun Dec 09 22:44:08 ICT 2018'),(2,2,99,1,'Sun Dec 09 22:44:08 ICT 2018'),(3,3,78,1,'Sun Dec 09 22:44:08 ICT 2018'),(4,4,98,1,'Sun Dec 09 22:44:08 ICT 2018'),(5,5,77,1,'Sun Dec 09 22:44:08 ICT 2018'),(6,6,99,1,'Sun Dec 09 22:44:08 ICT 2018'),(7,7,78,1,'Sun Dec 09 22:44:08 ICT 2018'),(8,8,98,1,'Sun Dec 09 22:44:08 ICT 2018'),(9,9,78,1,'Sun Dec 09 22:44:08 ICT 2018'),(10,10,87,1,'Sun Dec 09 22:44:08 ICT 2018'),(11,11,89,1,'Sun Dec 09 22:44:08 ICT 2018'),(12,12,88,1,'Sun Dec 09 22:44:08 ICT 2018'),(13,13,80,1,'Sun Dec 09 22:44:08 ICT 2018'),(14,14,98,1,'Sun Dec 09 22:44:08 ICT 2018'),(15,15,78,1,'Sun Dec 09 22:44:08 ICT 2018'),(16,16,98,1,'Sun Dec 09 22:44:08 ICT 2018'),(17,17,78,1,'Sun Dec 09 22:44:08 ICT 2018'),(18,18,90,1,'Sun Dec 09 22:44:08 ICT 2018'),(19,19,89,1,'Sun Dec 09 22:44:08 ICT 2018'),(20,20,88,1,'Sun Dec 09 22:44:08 ICT 2018'),(21,21,99,1,'Sun Dec 09 22:44:08 ICT 2018'),(22,22,90,1,'Sun Dec 09 22:44:08 ICT 2018'),(23,23,89,1,'Sun Dec 09 22:44:08 ICT 2018'),(24,24,98,1,'Sun Dec 09 22:44:08 ICT 2018'),(25,25,78,1,'Sun Dec 09 22:44:08 ICT 2018'),(26,26,96,1,'Sun Dec 09 22:44:08 ICT 2018'),(27,27,89,1,'Sun Dec 09 22:44:08 ICT 2018'),(28,28,99,1,'Sun Dec 09 22:44:08 ICT 2018'),(29,29,100,1,'Sun Dec 09 22:44:08 ICT 2018'),(30,30,110,1,'Sun Dec 09 22:44:08 ICT 2018'),(31,31,109,1,'Sun Dec 09 22:44:08 ICT 2018'),(32,32,100,1,'Sun Dec 09 22:44:08 ICT 2018'),(33,33,89,1,'Sun Dec 09 22:44:08 ICT 2018'),(34,34,97,1,'Sun Dec 09 22:44:08 ICT 2018'),(35,35,91,1,'Sun Dec 09 22:44:08 ICT 2018'),(36,36,100,1,'Sun Dec 09 22:44:08 ICT 2018'),(37,37,105,1,'Sun Dec 09 22:44:08 ICT 2018'),(38,38,110,1,'Sun Dec 09 22:44:08 ICT 2018'),(39,39,98,1,'Sun Dec 09 22:44:08 ICT 2018');
/*!40000 ALTER TABLE `learningchart` ENABLE KEYS */;
UNLOCK TABLES;

--
-- Table structure for table `manager`
--

DROP TABLE IF EXISTS `manager`;
/*!40101 SET @saved_cs_client     = @@character_set_client */;
 SET character_set_client = utf8mb4 ;
CREATE TABLE `manager` (
  `idManager` int(11) NOT NULL,
  `fullname` varchar(50) DEFAULT NULL,
  `address` varchar(255) DEFAULT NULL,
  `phonenumber` varchar(15) DEFAULT NULL,
  `dateofbirth` varchar(255) DEFAULT NULL,
  `email` varchar(255) DEFAULT NULL,
  `position` varchar(255) DEFAULT NULL,
  `stt` int(11) DEFAULT NULL,
  `timeModified` varchar(255) DEFAULT NULL,
  PRIMARY KEY (`idManager`),
  CONSTRAINT `Manager_ibfk_1` FOREIGN KEY (`idManager`) REFERENCES `account` (`idaccount`) ON UPDATE CASCADE
) ENGINE=InnoDB DEFAULT CHARSET=utf8mb4 COLLATE=utf8mb4_0900_ai_ci;
/*!40101 SET character_set_client = @saved_cs_client */;

--
-- Dumping data for table `manager`
--

LOCK TABLES `manager` WRITE;
/*!40000 ALTER TABLE `manager` DISABLE KEYS */;
INSERT INTO `manager` VALUES (40,'Bùi Trung A','573 Lakeshore Ave. Hickory, NC 28601','(465) 229-7840','12/01/1989','buitrunga@soict.hust.edu.vn','Giảng viên',1,'Sun Dec 09 22:44:03 ICT 2018'),(41,'Bùi Trung B','9408 Southampton Dr. Gwynn Oak, MD 21207','(841) 517-9679','13/01/1978','buitrungb@soict.hust.edu.vn','Giảng viên',1,'Sun Dec 09 22:44:03 ICT 2018'),(42,'Bùi Trung C','9604 Parker Street New Philadelphia, OH 44663','(587) 235-5112','14/01/1989','buitrungc@soict.hust.edu.vn','Giảng viên',1,'Sun Dec 09 22:44:03 ICT 2018'),(43,'Bùi Trung D','9 Dogwood Ave. Elizabeth City, NC 27909','(601) 503-3173','15/01/1966','buitrungd@soict.hust.edu.vn','Giảng viên',1,'Sun Dec 09 22:44:03 ICT 2018'),(44,'Bùi Trung E','51 North Trout Lane Sarasota, FL 34231','(964) 670-9604','16/01/1977','buitrunge@soict.hust.edu.vn','Giảng viên',1,'Sun Dec 09 22:44:03 ICT 2018'),(45,'Bùi Trung F','337 South Smith Store Ave. Madison Heights, MI 48071','(679) 785-3401','17/01/1989','buitrungf@soict.hust.edu.vn','Giảng viên',1,'Sun Dec 09 22:44:03 ICT 2018'),(46,'Bùi Trung G','7821 Sulphur Springs Drive Champlin, MN 55316','(896) 571-3904','18/01/1987','buitrungg@soict.hust.edu.vn','Giảng viên',1,'Sun Dec 09 22:44:03 ICT 2018'),(47,'Bùi Trung H','856 Honey Creek Drive Danvers, MA 01923','(703) 893-1181','19/01/1989','buitrungh@soict.hust.edu.vn','Giảng viên',1,'Sun Dec 09 22:44:03 ICT 2018'),(48,'Bùi Trung I','8529 South Jefferson St. Fort Mill, SC 29708','(815) 903-0159','20/01/1967','buitrungi@soict.hust.edu.vn','Giảng viên',1,'Sun Dec 09 22:44:03 ICT 2018'),(49,'Bùi Trung J','8328 E. Grant Ave. Boynton Beach, FL 33435','(743) 761-4223','21/01/1978','buitrungj@soict.hust.edu.vn','Giảng viên',1,'Sun Dec 09 22:44:03 ICT 2018'),(50,'Bùi Trung K','13 E. Cleveland St. Wheaton, IL 60187','(268) 889-6460','22/01/1956','buitrungk@soict.hust.edu.vn','Giảng viên',1,'Sun Dec 09 22:44:03 ICT 2018'),(51,'Bùi Trung L','403 Spring St. Riverdale, GA 30274','(693) 307-5474','23/01/1965','buitrungl@soict.hust.edu.vn','Giảng viên',1,'Sun Dec 09 22:44:03 ICT 2018'),(52,'Bùi Trung M','31 Boston Rd. Crown Point, IN 46307','(588) 972-5449','21/01/1978','buitrungm@soict.hust.edu.vn','Giảng viên',1,'Sun Dec 09 22:44:03 ICT 2018'),(53,'Bùi Trung N','463 La Sierra St. Highland Park, IL 60035','(280) 656-1926','25/01/1989','buitrungn@soict.hust.edu.vn','Giảng viên',1,'Sun Dec 09 22:44:03 ICT 2018'),(54,'Bùi Trung O','252 Marvon Drive Silver Spring, MD 20901','(694) 647-3817','26/01/1989','buitrungo@soict.hust.edu.vn','Giảng viên',1,'Sun Dec 09 22:44:03 ICT 2018'),(55,'Bùi Trung P','91 Winchester St. Nottingham, MD 21236','(659) 520-1191','27/01/1989','buitrungp@soict.hust.edu.vn','Giảng viên',1,'Sun Dec 09 22:44:03 ICT 2018'),(56,'Bùi Trung Q','740 Winding Way St. Ogden, UT 84404','(268) 208-5804','28/01/1989','buitrungq@soict.hust.edu.vn','Giảng viên',1,'Sun Dec 09 22:44:03 ICT 2018'),(57,'Bùi Trung R','290 Jefferson St. Michigan City, IN 46360','(368) 500-9275','29/01/1989','buitrungr@soict.hust.edu.vn','Giảng viên',1,'Sun Dec 09 22:44:03 ICT 2018'),(58,'Bùi Trung S','26 North Newbridge Road Hope Mills, NC 28348','(437) 826-0392','30/01/1989','buitrungs@soict.hust.edu.vn','Giảng viên',1,'Sun Dec 09 22:44:03 ICT 2018'),(59,'Bùi Trung T','81 Rosewood St. Manassas, VA 20109','(242) 593-4968','31/01/1989','buitrungt@soict.hust.edu.vn','Giảng viên',1,'Sun Dec 09 22:44:03 ICT 2018'),(60,'Bùi Trung U','7904 Ryan Dr. Venice, FL 34293','(353) 869-4428','01/02/1978','buitrungu@soict.hust.edu.vn','Giảng viên',1,'Sun Dec 09 22:44:03 ICT 2018'),(61,'Vũ Đức A','865 Harvey Ave. Roslindale, MA 02131','(844) 498-6216','02/02/1989','vuduca@soict.hust.edu.vn','Giảng viên',1,'Sun Dec 09 22:44:03 ICT 2018'),(62,'Vũ Đức B','7254 Ridge Dr. Kokomo, IN 46901','(890) 817-9612','03/02/1978','vuducb@soict.hust.edu.vn','Giảng viên',1,'Sun Dec 09 22:44:03 ICT 2018'),(63,'Vũ Đức C','51 Tunnel St. Livingston, NJ 07039','(325) 741-8613','04/02/1989','vuducc@soict.hust.edu.vn','Giảng viên',1,'Sun Dec 09 22:44:03 ICT 2018'),(64,'Vũ Đức D','751 Newbridge St. Olympia, WA 98512','(241) 559-0773','05/02/1978','vuducd@soict.hust.edu.vn','Giảng viên',1,'Sun Dec 09 22:44:04 ICT 2018'),(65,'Vũ Đức E','7959 Olive Road Fairfax, VA 22030','(888) 482-4593','06/02/1989','vuduce@soict.hust.edu.vn','Giảng viên',1,'Sun Dec 09 22:44:04 ICT 2018'),(66,'Vũ Đức F','114 Baker Street Lawrence Township, NJ 08648','(749) 542-6168','07/02/1989','vuducf@soict.hust.edu.vn','Giảng viên',1,'Sun Dec 09 22:44:04 ICT 2018'),(67,'Vũ Đức G','132 West Beech St. Mcdonough, GA 30252','(704) 240-8071','08/02/1989','vuducg@soict.hust.edu.vn','Giảng viên',1,'Sun Dec 09 22:44:04 ICT 2018'),(68,'Vũ Đức H','88 Monroe Road Belleville, NJ 07109','(910) 347-6569','09/02/1989','vuduch@soict.hust.edu.vn','Giảng viên',1,'Sun Dec 09 22:44:04 ICT 2018'),(69,'Vũ Đức I','556 Rock Creek Ave. Arvada, CO 80003','(625) 747-3365','10/02/1987','vuduci@soict.hust.edu.vn','Giảng viên',1,'Sun Dec 09 22:44:04 ICT 2018'),(70,'Vũ Đức J','8066 East Street Cedar Falls, IA 50613','(806) 569-3342','11/02/1989','vuducj@soict.hust.edu.vn','Giảng viên',1,'Sun Dec 09 22:44:04 ICT 2018'),(71,'Vũ Đức K','525 Fairfield Ave. Deerfield, IL 60015531 Greystone St. ','(771) 249-9045','12/02/1989','vuduck@soict.hust.edu.vn','Giảng viên',1,'Sun Dec 09 22:44:04 ICT 2018'),(72,'Vũ Đức L','Chambersburg, PA 172019768 Summer Rd. ','(425) 268-6177','13/02/1977','vuducl@soict.hust.edu.vn','Giảng viên',1,'Sun Dec 09 22:44:04 ICT 2018'),(73,'Vũ Đức M','Fenton, MI 484308014 Mayfair Street Round Lake, IL 60073','(868) 677-9627','14/02/1989','vuducm@soict.hust.edu.vn','Giảng viên',1,'Sun Dec 09 22:44:04 ICT 2018'),(74,'Vũ Đức N','9593 Tallwood Ave. Summerville, SC 29483','(829) 979-9895','15/02/1980','vuducn@soict.hust.edu.vn','Giảng viên',1,'Sun Dec 09 22:44:04 ICT 2018'),(75,'Vũ Đức O','7469 Campfire Lane Germantown, MD 20874','(878) 964-2638','16/02/1989','vuduco@soict.hust.edu.vn','Giảng viên',1,'Sun Dec 09 22:44:04 ICT 2018'),(76,'Vũ Đức P','9004 Lyme Ave. Point Pleasant Beach, NJ 08742','(765) 605-1182','17/02/1989','vuducp@soict.hust.edu.vn','Giảng viên',1,'Sun Dec 09 22:44:04 ICT 2018'),(77,'Vũ Đức Q','5 Leeton Ridge St. Paducah, KY 42001','(318) 315-6039','18/02/1980','vuducq@soict.hust.edu.vn','Giảng viên',1,'Sun Dec 09 22:44:04 ICT 2018'),(78,'Vũ Đức R','622 Laurel Road Vincentown, NJ 08088','(986) 408-3898','19/02/1980','vuducr@soict.hust.edu.vn','Giảng viên',1,'Sun Dec 09 22:44:04 ICT 2018');
/*!40000 ALTER TABLE `manager` ENABLE KEYS */;
UNLOCK TABLES;

--
-- Table structure for table `permission`
--

DROP TABLE IF EXISTS `permission`;
/*!40101 SET @saved_cs_client     = @@character_set_client */;
 SET character_set_client = utf8mb4 ;
CREATE TABLE `permission` (
  `idPermission` int(11) NOT NULL,
  `name` varchar(50) DEFAULT NULL,
  `content` varchar(255) DEFAULT NULL,
  `stt` int(11) DEFAULT NULL,
  `timeModified` varchar(255) DEFAULT NULL,
  PRIMARY KEY (`idPermission`)
) ENGINE=InnoDB DEFAULT CHARSET=utf8mb4 COLLATE=utf8mb4_0900_ai_ci;
/*!40101 SET character_set_client = @saved_cs_client */;

--
-- Dumping data for table `permission`
--

LOCK TABLES `permission` WRITE;
/*!40000 ALTER TABLE `permission` DISABLE KEYS */;
INSERT INTO `permission` VALUES (1,'Quản lý','Quản lý nhân sự',1,'Sun Dec 09 22:43:58 ICT 2018'),(2,'Quản lý','Quản lý thiết bị',1,'Sun Dec 09 22:43:58 ICT 2018'),(3,'Quản lý','Quản lý chung',1,'Sun Dec 09 22:43:58 ICT 2018'),(4,'Quản lý ','Quản lý sinh hoạt',1,'Sun Dec 09 22:43:58 ICT 2018'),(5,'Quản lý ','Quản lý hệ thống',1,'Sun Dec 09 22:43:58 ICT 2018'),(6,'Quản lý','Quản lý học tập',1,'Sun Dec 09 22:43:58 ICT 2018'),(7,'Sinh viên','Sinh viên',1,'Sun Dec 09 22:43:58 ICT 2018');
/*!40000 ALTER TABLE `permission` ENABLE KEYS */;
UNLOCK TABLES;

--
-- Table structure for table `program`
--

DROP TABLE IF EXISTS `program`;
/*!40101 SET @saved_cs_client     = @@character_set_client */;
 SET character_set_client = utf8mb4 ;
CREATE TABLE `program` (
  `idProgram` int(11) NOT NULL,
  `idDepartment` int(11) NOT NULL,
  `length` int(11) DEFAULT NULL,
  `credit` int(11) DEFAULT NULL,
  `optionalCredit` int(11) DEFAULT NULL,
  `description` varchar(255) DEFAULT NULL,
  `stt` int(11) DEFAULT NULL,
  `timeModified` varchar(255) DEFAULT NULL,
  PRIMARY KEY (`idProgram`,`idDepartment`),
  KEY `idDepartment` (`idDepartment`),
  CONSTRAINT `Program_ibfk_1` FOREIGN KEY (`idDepartment`) REFERENCES `department` (`iddepartment`) ON UPDATE CASCADE
) ENGINE=InnoDB DEFAULT CHARSET=utf8mb4 COLLATE=utf8mb4_0900_ai_ci;
/*!40101 SET character_set_client = @saved_cs_client */;

--
-- Dumping data for table `program`
--

LOCK TABLES `program` WRITE;
/*!40000 ALTER TABLE `program` DISABLE KEYS */;
INSERT INTO `program` VALUES (1,4,4,128,12,'Cử nhân công nghệ thông tin',1,'Sun Dec 09 22:44:00 ICT 2018'),(2,7,4,128,12,'Cử nhân điện điện tử',1,'Sun Dec 09 22:44:00 ICT 2018'),(3,5,4,128,9,'Cử nhận kỹ thuật hoá học',1,'Sun Dec 09 22:44:00 ICT 2018'),(4,2,4,128,9,'Cử nhân cơ khí',1,'Sun Dec 09 22:44:00 ICT 2018'),(5,4,5,160,8,'Kỹ sư hệ thống thông tin',1,'Sun Dec 09 22:44:00 ICT 2018'),(6,4,5,160,12,'AS - Việt Nhật',1,'Sun Dec 09 22:44:00 ICT 2018'),(7,4,5,160,9,'IS Việt Nhật',1,'Sun Dec 09 22:44:00 ICT 2018'),(8,4,5,160,9,'Kỹ sư an toàn thông tin',1,'Sun Dec 09 22:44:00 ICT 2018'),(9,4,5,160,9,'Kỹ sư truyền thông mạng máy tính',1,'Sun Dec 09 22:44:00 ICT 2018'),(10,7,5,160,9,'Kỹ sư tự động hoá',1,'Sun Dec 09 22:44:00 ICT 2018'),(11,7,5,160,9,'Kỹ sư điện tử viễn thông',1,'Sun Dec 09 22:44:00 ICT 2018'),(12,5,5,160,9,'Kỹ sư hoá lọc dầu',1,'Sun Dec 09 22:44:00 ICT 2018'),(13,5,5,160,9,'Kỹ sư kỹ thuật thực phẩm',1,'Sun Dec 09 22:44:00 ICT 2018'),(14,5,5,160,9,'Kỹ sư hoá môi trường',1,'Sun Dec 09 22:44:00 ICT 2018'),(15,15,5,160,8,'Kỹ sư toán tin',1,'Sun Dec 09 22:44:00 ICT 2018'),(16,4,5,160,12,'Kỹ sư công nghệ phần mềm',1,'Sun Dec 09 22:44:00 ICT 2018');
/*!40000 ALTER TABLE `program` ENABLE KEYS */;
UNLOCK TABLES;

--
-- Table structure for table `registerclass`
--

DROP TABLE IF EXISTS `registerclass`;
/*!40101 SET @saved_cs_client     = @@character_set_client */;
 SET character_set_client = utf8mb4 ;
CREATE TABLE `registerclass` (
  `idRegister` int(11) NOT NULL,
  `idStudent` int(11) DEFAULT NULL,
  `semester` varchar(5) DEFAULT NULL,
  `totalCredit` int(11) DEFAULT NULL,
  `tuitionPaid` int(11) DEFAULT NULL,
  `totalTuition` int(11) DEFAULT NULL,
  `tuitionDeadline1` varchar(255) DEFAULT NULL,
  `tuitionDeadline2` varchar(255) DEFAULT NULL,
  `stt` int(11) DEFAULT NULL,
  `timeModified` varchar(255) DEFAULT NULL,
  PRIMARY KEY (`idRegister`),
  KEY `idStudent` (`idStudent`),
  CONSTRAINT `RegisterClass_ibfk_1` FOREIGN KEY (`idStudent`) REFERENCES `student` (`idstudent`) ON UPDATE CASCADE
) ENGINE=InnoDB DEFAULT CHARSET=utf8mb4 COLLATE=utf8mb4_0900_ai_ci;
/*!40101 SET character_set_client = @saved_cs_client */;

--
-- Dumping data for table `registerclass`
--

LOCK TABLES `registerclass` WRITE;
/*!40000 ALTER TABLE `registerclass` DISABLE KEYS */;
INSERT INTO `registerclass` VALUES (1,1,'20181',17,7200000,7200000,'08/10/2018','12/10/2018',1,'Sun Dec 09 22:44:07 ICT 2018'),(2,2,'20181',20,8400000,8400000,'08/10/2018','12/10/2018',1,'Sun Dec 09 22:44:07 ICT 2018'),(3,3,'20181',20,8400000,8400000,'08/10/2018','12/10/2018',1,'Sun Dec 09 22:44:07 ICT 2018'),(4,4,'20181',18,7500000,7500000,'08/10/2018','12/10/2018',1,'Sun Dec 09 22:44:07 ICT 2018'),(5,5,'20181',14,6000000,6300000,'08/10/2018','12/10/2018',1,'Sun Dec 09 22:44:07 ICT 2018'),(6,6,'20181',15,6000000,6300000,'08/10/2018','12/10/2018',1,'Sun Dec 09 22:44:07 ICT 2018'),(7,7,'20181',15,6000000,6300000,'08/10/2018','12/10/2018',1,'Sun Dec 09 22:44:07 ICT 2018'),(8,8,'20181',17,7000000,7200000,'08/10/2018','12/10/2018',1,'Sun Dec 09 22:44:07 ICT 2018'),(9,9,'20181',15,6000000,6300000,'08/10/2018','12/10/2018',1,'Sun Dec 09 22:44:07 ICT 2018'),(10,10,'20181',23,9600000,9600000,'08/10/2018','12/10/2018',1,'Sun Dec 09 22:44:07 ICT 2018'),(11,11,'20181',15,6300000,6300000,'08/10/2018','12/10/2018',1,'Sun Dec 09 22:44:07 ICT 2018'),(12,12,'20181',20,8000000,8400000,'08/10/2018','12/10/2018',1,'Sun Dec 09 22:44:07 ICT 2018'),(13,13,'20181',20,8000000,8400000,'08/10/2018','12/10/2018',1,'Sun Dec 09 22:44:07 ICT 2018'),(14,14,'20181',22,9000000,9300000,'08/10/2018','12/10/2018',1,'Sun Dec 09 22:44:07 ICT 2018'),(15,15,'20181',18,7500000,7500000,'08/10/2018','12/10/2018',1,'Sun Dec 09 22:44:07 ICT 2018'),(16,16,'20181',18,7500000,7500000,'08/10/2018','12/10/2018',1,'Sun Dec 09 22:44:07 ICT 2018'),(17,17,'20181',17,7200000,7200000,'08/10/2018','12/10/2018',1,'Sun Dec 09 22:44:07 ICT 2018'),(18,18,'20181',18,7500000,7500000,'08/10/2018','12/10/2018',1,'Sun Dec 09 22:44:07 ICT 2018'),(19,19,'20181',18,7500000,7500000,'08/10/2018','12/10/2018',1,'Sun Dec 09 22:44:07 ICT 2018'),(20,20,'20181',15,6300000,6300000,'08/10/2018','12/10/2018',1,'Sun Dec 09 22:44:07 ICT 2018'),(21,21,'20181',18,7500000,7500000,'08/10/2018','12/10/2018',1,'Sun Dec 09 22:44:07 ICT 2018'),(22,22,'20181',20,8400000,8400000,'08/10/2018','12/10/2018',1,'Sun Dec 09 22:44:07 ICT 2018'),(23,23,'20181',23,9600000,9600000,'08/10/2018','12/10/2018',1,'Sun Dec 09 22:44:07 ICT 2018'),(24,24,'20181',22,9000000,9300000,'08/10/2018','12/10/2018',1,'Sun Dec 09 22:44:07 ICT 2018'),(25,25,'20181',17,7200000,7200000,'08/10/2018','12/10/2018',1,'Sun Dec 09 22:44:07 ICT 2018'),(26,26,'20181',17,7000000,7200000,'08/10/2018','12/10/2018',1,'Sun Dec 09 22:44:07 ICT 2018'),(27,27,'20181',20,7000000,8400000,'08/10/2018','12/10/2018',1,'Sun Dec 09 22:44:07 ICT 2018'),(28,28,'20181',17,7200000,7200000,'08/10/2018','12/10/2018',1,'Sun Dec 09 22:44:07 ICT 2018'),(29,29,'20181',17,7200000,7200000,'08/10/2018','12/10/2018',1,'Sun Dec 09 22:44:07 ICT 2018'),(30,30,'20181',20,8400000,8400000,'08/10/2018','12/10/2018',1,'Sun Dec 09 22:44:07 ICT 2018'),(31,31,'20181',20,8400000,8400000,'08/10/2018','12/10/2018',1,'Sun Dec 09 22:44:07 ICT 2018'),(32,32,'20181',20,8400000,8400000,'08/10/2018','12/10/2018',1,'Sun Dec 09 22:44:08 ICT 2018'),(33,33,'20181',20,8400000,8400000,'08/10/2018','12/10/2018',1,'Sun Dec 09 22:44:08 ICT 2018'),(34,34,'20181',20,8000000,8400000,'08/10/2018','12/10/2018',1,'Sun Dec 09 22:44:08 ICT 2018'),(35,35,'20181',22,9300000,9300000,'08/10/2018','12/10/2018',1,'Sun Dec 09 22:44:08 ICT 2018'),(36,36,'20181',22,9300000,9300000,'08/10/2018','12/10/2018',1,'Sun Dec 09 22:44:08 ICT 2018'),(37,37,'20181',20,8400000,8400000,'08/10/2018','12/10/2018',1,'Sun Dec 09 22:44:08 ICT 2018'),(38,38,'20181',17,7000000,7200000,'08/10/2018','12/10/2018',1,'Sun Dec 09 22:44:08 ICT 2018'),(39,39,'20181',23,9600000,9600000,'08/10/2018','12/10/2018',1,'Sun Dec 09 22:44:08 ICT 2018');
/*!40000 ALTER TABLE `registerclass` ENABLE KEYS */;
UNLOCK TABLES;

--
-- Table structure for table `schedule`
--

DROP TABLE IF EXISTS `schedule`;
/*!40101 SET @saved_cs_client     = @@character_set_client */;
 SET character_set_client = utf8mb4 ;
CREATE TABLE `schedule` (
  `idSubject` varchar(10) DEFAULT NULL,
  `idSchedule` int(11) NOT NULL,
  `room` varchar(20) DEFAULT NULL,
  `time` varchar(20) DEFAULT NULL,
  `startWeek` int(11) DEFAULT NULL,
  `size` int(11) DEFAULT NULL,
  `maxSize` int(11) DEFAULT NULL,
  `status` int(11) DEFAULT NULL,
  `stt` int(11) DEFAULT NULL,
  `timeModified` varchar(255) DEFAULT NULL,
  PRIMARY KEY (`idSchedule`),
  KEY `idSubject` (`idSubject`),
  CONSTRAINT `Schedule_ibfk_1` FOREIGN KEY (`idSubject`) REFERENCES `subject` (`idsubject`) ON UPDATE CASCADE
) ENGINE=InnoDB DEFAULT CHARSET=utf8mb4 COLLATE=utf8mb4_0900_ai_ci;
/*!40101 SET character_set_client = @saved_cs_client */;

--
-- Dumping data for table `schedule`
--

LOCK TABLES `schedule` WRITE;
/*!40000 ALTER TABLE `schedule` DISABLE KEYS */;
INSERT INTO `schedule` VALUES ('SB1',1,'TC101','10h-12h',1,40,50,1,1,'Sun Dec 09 22:44:04 ICT 2018'),('SB1',2,'TC102','8h-10h',1,40,50,1,1,'Sun Dec 09 22:44:04 ICT 2018'),('SB2',3,'TC103','6h45-9h15',1,34,50,1,1,'Sun Dec 09 22:44:04 ICT 2018'),('SB2',4,'TC104','9h20-11h50',1,50,50,1,1,'Sun Dec 09 22:44:04 ICT 2018'),('SB3',5,'TC105','12h30-15h',1,40,50,1,1,'Sun Dec 09 22:44:04 ICT 2018'),('SB3',6,'TC106','15h5-17h35',1,34,50,1,1,'Sun Dec 09 22:44:04 ICT 2018'),('SB4',7,'TC107','8h-10h',1,23,50,1,1,'Sun Dec 09 22:44:04 ICT 2018'),('SB4',8,'TC108','10h-12h',1,45,50,1,1,'Sun Dec 09 22:44:04 ICT 2018'),('SB5',9,'TC109','6h45-9h15',1,40,50,1,1,'Sun Dec 09 22:44:04 ICT 2018'),('SB6',10,'TC110','6h45-9h15',1,40,50,1,1,'Sun Dec 09 22:44:04 ICT 2018'),('SB7',11,'TC201','6h45-10h20',1,40,50,1,1,'Sun Dec 09 22:44:04 ICT 2018'),('SB8',12,'TC202','15h5-17h35',1,40,50,1,1,'Sun Dec 09 22:44:04 ICT 2018'),('SB9',13,'TC203','15h-16h20',1,40,50,1,1,'Sun Dec 09 22:44:04 ICT 2018'),('SB9',14,'TC204','7h-9h',1,40,50,1,1,'Sun Dec 09 22:44:04 ICT 2018'),('SB10',15,'TC205','6h45-11h',1,40,50,1,1,'Sun Dec 09 22:44:04 ICT 2018'),('SB11',16,'TC206','13h20-15h20',1,40,50,1,1,'Sun Dec 09 22:44:04 ICT 2018'),('SB12',17,'TC207','7h-8h',1,40,50,1,1,'Sun Dec 09 22:44:04 ICT 2018'),('SB12',18,'TC208','8h-9h',1,40,50,1,1,'Sun Dec 09 22:44:04 ICT 2018'),('SB13',19,'D3301','10h-11h50',1,65,100,1,1,'Sun Dec 09 22:44:04 ICT 2018'),('SB14',20,'D3302','9h20-11h50',1,76,100,1,1,'Sun Dec 09 22:44:04 ICT 2018'),('SB14',21,'D3303','12h30-15h',1,40,50,1,1,'Sun Dec 09 22:44:04 ICT 2018'),('SB15',22,'D3304','6h45-9h15',1,40,50,1,1,'Sun Dec 09 22:44:04 ICT 2018'),('SB16',23,'D4401','12h30-15h',1,40,80,1,1,'Sun Dec 09 22:44:04 ICT 2018'),('SB16',24,'D4402','9h20-11h50',1,40,80,1,1,'Sun Dec 09 22:44:04 ICT 2018'),('SB17',25,'D4403','10h-11h50',1,40,50,1,1,'Sun Dec 09 22:44:05 ICT 2018'),('SB18',26,'D4404','7h-8h',1,40,50,1,1,'Sun Dec 09 22:44:06 ICT 2018'),('SB18',27,'D4405','9h-10h',1,40,50,1,1,'Sun Dec 09 22:44:07 ICT 2018'),('SB19',28,'D5101','6h45-8h20',1,40,50,1,1,'Sun Dec 09 22:44:07 ICT 2018'),('SB20',29,'D5102','8h-10h',1,40,100,1,1,'Sun Dec 09 22:44:07 ICT 2018'),('SB20',30,'D5103','12h30-15h',1,40,100,1,1,'Sun Dec 09 22:44:07 ICT 2018'),('SB21',31,'D5104','6h45-8h20',1,40,50,1,1,'Sun Dec 09 22:44:07 ICT 2018'),('SB21',32,'D5105','8h30-10h20',1,40,50,1,1,'Sun Dec 09 22:44:07 ICT 2018'),('SB22',33,'T202','9h-10h',1,40,50,1,1,'Sun Dec 09 22:44:07 ICT 2018'),('SB23',34,'T203','7h-8h',1,40,50,1,1,'Sun Dec 09 22:44:07 ICT 2018'),('SB24',35,'T204','7h-8h',1,40,100,1,1,'Sun Dec 09 22:44:07 ICT 2018'),('SB25',36,'T205','7h-8h',1,40,100,1,1,'Sun Dec 09 22:44:07 ICT 2018'),('SB26',37,'T206','7h-8h',1,40,50,1,1,'Sun Dec 09 22:44:07 ICT 2018'),('SB27',38,'D9101','7h-8h',1,40,50,1,1,'Sun Dec 09 22:44:07 ICT 2018'),('SB27',39,'D9102','9h-10h',1,40,50,1,1,'Sun Dec 09 22:44:07 ICT 2018'),('SB28',40,'D9103','8h-9h',1,40,100,1,1,'Sun Dec 09 22:44:07 ICT 2018'),('SB28',41,'D9104','8h-9h',1,40,100,1,1,'Sun Dec 09 22:44:07 ICT 2018'),('SB29',42,'D9105','8h-9h',1,40,50,1,1,'Sun Dec 09 22:44:07 ICT 2018'),('SB30',43,'D9106','8h-9h',1,40,50,1,1,'Sun Dec 09 22:44:07 ICT 2018'),('SB30',44,'D9107','12h30-13h30',1,40,50,1,1,'Sun Dec 09 22:44:07 ICT 2018'),('SB31',45,'D9108','13h-14h',1,40,50,1,1,'Sun Dec 09 22:44:07 ICT 2018'),('SB31',46,'SVD','15h-16h',1,40,50,1,1,'Sun Dec 09 22:44:07 ICT 2018'),('SB32',47,'SVD','15h-16h',1,40,50,1,1,'Sun Dec 09 22:44:07 ICT 2018'),('SB32',48,'SVD','15h-16h',1,40,50,1,1,'Sun Dec 09 22:44:07 ICT 2018'),('SB33',49,'SVD','16h-17h',1,20,25,1,1,'Sun Dec 09 22:44:07 ICT 2018'),('SB34',50,'SVD','16h-17h',1,40,25,1,1,'Sun Dec 09 22:44:07 ICT 2018'),('SB35',51,'SVD','16h-17h',1,10,25,1,1,'Sun Dec 09 22:44:07 ICT 2018'),('SB36',52,'NTD','7h-8h',1,22,25,1,1,'Sun Dec 09 22:44:07 ICT 2018'),('SB37',53,'NTD','8h-9h',1,23,25,1,1,'Sun Dec 09 22:44:07 ICT 2018'),('SB38',54,'NTD','7h-8h',1,20,25,1,1,'Sun Dec 09 22:44:07 ICT 2018'),('SB38',55,'NTD','8h-9h',1,25,25,1,1,'Sun Dec 09 22:44:07 ICT 2018'),('SB39',56,'NTD','9h-10h',1,10,25,1,1,'Sun Dec 09 22:44:07 ICT 2018'),('SB39',57,'NTD','9h-10h',1,9,25,1,1,'Sun Dec 09 22:44:07 ICT 2018'),('SB40',58,'D9101','6h-10h',1,45,50,1,1,'Sun Dec 09 22:44:07 ICT 2018'),('SB40',59,'D9102','12h-16h',1,30,50,1,1,'Sun Dec 09 22:44:07 ICT 2018'),('SB41',60,'D9103','6h-8h',1,54,100,1,1,'Sun Dec 09 22:44:07 ICT 2018'),('SB41',61,'D9104','8h-10h',1,87,100,1,1,'Sun Dec 09 22:44:07 ICT 2018'),('SB42',62,'D9105','12h30-15h30',1,34,100,1,1,'Sun Dec 09 22:44:07 ICT 2018'),('SB42',63,'D9106','16h-17h30',1,90,100,1,1,'Sun Dec 09 22:44:07 ICT 2018'),('SB43',64,'D6201','9h-11h50',1,78,100,1,1,'Sun Dec 09 22:44:07 ICT 2018'),('SB43',65,'D6202','12h30-15h',1,43,100,1,1,'Sun Dec 09 22:44:07 ICT 2018'),('SB44',66,'D6203','12h30-15h',1,76,100,1,1,'Sun Dec 09 22:44:07 ICT 2018'),('SB44',67,'D6204','15h10-17h35',1,43,100,1,1,'Sun Dec 09 22:44:07 ICT 2018'),('SB45',68,'D6205','6h45-8h20',1,76,100,1,1,'Sun Dec 09 22:44:07 ICT 2018'),('SB45',69,'D6206','8h30-11h',1,56,100,1,1,'Sun Dec 09 22:44:07 ICT 2018'),('SB46',70,'D6207','7h-8h',1,87,100,1,1,'Sun Dec 09 22:44:07 ICT 2018'),('SB46',71,'D6208','9h-10h',1,56,100,1,1,'Sun Dec 09 22:44:07 ICT 2018'),('SB47',72,'T404','9h-11h50',1,98,100,1,1,'Sun Dec 09 22:44:07 ICT 2018'),('SB47',73,'T405','12h30-15h30',1,34,100,1,1,'Sun Dec 09 22:44:07 ICT 2018'),('SB48',74,'T406','8h-10h',1,27,100,1,1,'Sun Dec 09 22:44:07 ICT 2018'),('SB48',75,'T407','12h30-14h30',1,87,100,1,1,'Sun Dec 09 22:44:07 ICT 2018'),('SB49',76,'T501','8h-10h',1,32,100,1,1,'Sun Dec 09 22:44:07 ICT 2018'),('SB49',77,'T502','12h30-14h30',1,87,100,1,1,'Sun Dec 09 22:44:07 ICT 2018'),('SB50',78,'T503','8h-10h',1,97,100,1,1,'Sun Dec 09 22:44:07 ICT 2018'),('SB50',79,'T504','15h-17h',1,43,100,1,1,'Sun Dec 09 22:44:07 ICT 2018');
/*!40000 ALTER TABLE `schedule` ENABLE KEYS */;
UNLOCK TABLES;

--
-- Table structure for table `student`
--

DROP TABLE IF EXISTS `student`;
/*!40101 SET @saved_cs_client     = @@character_set_client */;
 SET character_set_client = utf8mb4 ;
CREATE TABLE `student` (
  `idStudent` int(11) NOT NULL,
  `idProgram` int(11) DEFAULT NULL,
  `fullName` varchar(50) DEFAULT NULL,
  `gender` int(1) DEFAULT NULL,
  `country` varchar(50) DEFAULT NULL,
  `personality` varchar(50) DEFAULT NULL,
  `religion` varchar(50) DEFAULT NULL,
  `placeOfBirth` varchar(255) DEFAULT NULL,
  `highSchoolGraduatedYear` int(4) DEFAULT NULL,
  `highSchool` varchar(255) DEFAULT NULL,
  `type` int(11) DEFAULT NULL,
  `identityID` varchar(50) DEFAULT NULL,
  `issuedDate` varchar(255) DEFAULT NULL,
  `issuedPlace` varchar(255) DEFAULT NULL,
  `phoneNumber` varchar(15) DEFAULT NULL,
  `email` varchar(255) DEFAULT NULL,
  `currentAddress` varchar(255) DEFAULT NULL,
  `permanentAddress` varchar(255) DEFAULT NULL,
  `contactAddress` varchar(255) DEFAULT NULL,
  `zone` varchar(5) DEFAULT NULL,
  `dateOfBirth` varchar(255) DEFAULT NULL,
  `position` varchar(255) DEFAULT NULL,
  `warningLevel` int(11) DEFAULT NULL,
  `stt` int(11) DEFAULT NULL,
  `timeModified` varchar(255) DEFAULT NULL,
  PRIMARY KEY (`idStudent`),
  KEY `idProgram` (`idProgram`),
  CONSTRAINT `Student_ibfk_1` FOREIGN KEY (`idStudent`) REFERENCES `account` (`idaccount`) ON UPDATE CASCADE,
  CONSTRAINT `Student_ibfk_2` FOREIGN KEY (`idProgram`) REFERENCES `program` (`idprogram`) ON UPDATE CASCADE
) ENGINE=InnoDB DEFAULT CHARSET=utf8mb4 COLLATE=utf8mb4_0900_ai_ci;
/*!40101 SET character_set_client = @saved_cs_client */;

--
-- Dumping data for table `student`
--

LOCK TABLES `student` WRITE;
/*!40000 ALTER TABLE `student` DISABLE KEYS */;
INSERT INTO `student` VALUES (1,1,'Đặng Ngọc A',1,'Việt Nam','Việt Nam','Đạo thánh đức chúa trời','270 Windmill Road Egg Harbor Township, NJ 08234',2013,'Maple Leaf Charter School',2,'629381756649','16/12/2008','9849 Harvard Ave. Toms River, NJ 08753','(736) 733-2897','dangngoca@gmail.com','288 Cross Lane Doylestown, PA 18901','9941 S. Lake Lane Gettysburg, PA 17325','786 Homestead Lane North Augusta, SC 29841','3','01/01/1997','Sinh Viên',0,1,'Sun Dec 09 22:44:03 ICT 2018'),(2,2,'Đặng Ngọc B',2,'Việt Nam','Việt Nam','Đạo Hindu','106 Alderwood St. Richardson, TX 75080',2017,'Marble Hills Kindergarten',1,'660675945259','01/01/2009','262 Southampton Drive New Bedford, MA 02740','(215) 800-3538','dangngocb@gmail.com','2 Canal Road Owings Mills, MD 21117','375 Cobblestone Ave. Hattiesburg, MS 39401','8538 Jockey Hollow Road Lake Zurich, IL 60047','1','02/01/1997','Sinh Viên',1,1,'Sun Dec 09 22:44:03 ICT 2018'),(3,3,'Đặng Ngọc C',1,'Việt Nam','Việt Nam','Thiên chúa giáo','80 Yew Ave. Farmingdale, NY 11735',2013,'Green Meadows Middle School',1,'691739432784','02/01/2009','602 School St. Middletown, CT 06457','(657) 548-6860','dangngocc@gmail.com','60 Harvard St. Maineville, OH 45039','7049 Shadow Brook Avenue Helena, MT 59601','62 NE. Chapel Street Fall River, MA 02720','2','03/01/1997','Sinh Viên',2,1,'Sun Dec 09 22:44:03 ICT 2018'),(4,4,'Đặng Ngọc D',2,'Việt Nam','Việt Nam','Thiên chúa giáo','9369 Bay Ave. Hermitage, TN 37076',2014,'Maple Park School of Fine Arts',3,'235793503747','26/02/2009','53 Garnet Ave. Huntington Station, NY 11746','(579) 436-3363','dangngocd@gmail.com','7263 Ebon Street State College, PA 16801','940 Java Ave. Goodlettsville, TN 37072','7997 Old Congress Ave. Winter Haven, FL 33880','2','04/01/1997','Sinh Viên',1,1,'Sun Dec 09 22:44:03 ICT 2018'),(5,5,'Đặng Ngọc E',2,'Việt Nam','Việt Nam','Đạo Hindu','105 E. Charles Ave. Romeoville, IL 60446',2013,'Coral Springs Institute',1,'957788658955','28/05/2009','686 North Beaver Ridge Dr. Hermitage, TN 37076','(355) 791-9993','dangngoce@gmail.com','9337 NW. Ann St. Waynesboro, PA 17268','7895 South Old York St. Passaic, NJ 07055','5 N. Wetland Street Grove City, OH 43123','2','05/01/1997','Sinh Viên',2,1,'Sun Dec 09 22:44:03 ICT 2018'),(6,6,'Đặng Ngọc F',2,'Việt Nam','Việt Nam','Không','1 Lake Forest Ave. Fairhope, AL 36532',2017,'Bear Valley Academy',3,'075506487499','22/10/2009','130 S. Pilgrim Rd. Eastpointe, MI 48021','(788) 760-2153','dangngocf@gmail.com','9561 NE. Cottage Rd. Billings, MT 59101','8115 Blue Spring Ave. Plainview, NY 11803','22 South Street San Angelo, TX 76901','2','06/01/1997','Sinh Viên',0,1,'Sun Dec 09 22:44:03 ICT 2018'),(7,7,'Đặng Ngọc G',1,'Việt Nam','Việt Nam','Không','297 Old Shade Ave. Kalispell, MT 59901',2014,'Oak Ridge Elementary',2,'069744894420','02/08/2010','167 Canal Street Macon, GA 31204','(265) 502-0679','dangngocg@gmail.com','9279 Colonel Dr. Peabody, MA 01960','50 Cedarwood St. Lititz, PA 17543','126 Heart Ave. Dracut, MA 01826','1','07/01/1997','Sinh Viên',1,1,'Sun Dec 09 22:44:03 ICT 2018'),(8,8,'Đặng Ngọc H',2,'Việt Nam','Việt Nam','Không','383 Holly St. Malden, MA 02148',2017,'White Mountain High',2,'354444826519','10/08/2010','13 North Amherst Circle Howard Beach, NY 11414','(369) 377-6615','dangngoch@gmail.com','88 Linden Dr. Chicago Heights, IL 60411','521 Ivory Ave. Fitchburg, MA 01420','2 N. Glenholme Ave. Sun Prairie, WI 53590','3','08/01/1997','Sinh Viên',1,1,'Sun Dec 09 22:44:03 ICT 2018'),(9,9,'Đặng Ngọc Y',1,'Việt Nam','Việt Nam','Đạo thánh đức chúa trời','7135 South Whitemarsh Dr. Fairborn, OH 45324',2014,'Sunnyside Grammar School',3,'315876625811','20/03/2011','9312 East Brewer Street Lansdale, PA 19446','(744) 788-9174','dangngocy@gmail.com','70 Buckingham Drive Marcus Hook, PA 19061','5 Liberty Street San Diego, CA 92111','7633 Rose Street Maryville, TN 37803','1','09/01/1997','Sinh Viên',0,1,'Sun Dec 09 22:44:03 ICT 2018'),(10,10,'Đặng Ngọc K',1,'Việt Nam','Việt Nam','Đạo Hindu','11 Court Lane Howell, NJ 07731',2013,'Apple Valley Secondary School',3,'626316487571','07/06/2011','428 Prairie Ave. Capitol Heights, MD 20743','(851) 355-3452','dangngock@gmail.com','8099 Cave St. Olive Branch, MS 38654','137 Garden Rd. Saginaw, MI 48601','77 Marble Street Murfreesboro, TN 37128','2','01/03/2000','Sinh Viên',0,1,'Sun Dec 09 22:44:03 ICT 2018'),(11,11,'Đặng Ngọc L',2,'Việt Nam','Việt Nam','Hồi giáo','815 East Green Rd. Elyria, OH 44035',2016,'Pine Hills Technical School',2,'001449818317','12/06/2011','3 Summer Street Champaign, IL 61821','(755) 946-3264','dangngocl@gmail.com','58 North Indian Summer Drive Saint Augustine, FL 32084','8235 Marble St. Mahwah, NJ 07430','450 Pawnee St. Cape Coral, FL 33904','2-NT','02/03/2000','Sinh Viên',0,1,'Sun Dec 09 22:44:03 ICT 2018'),(12,12,'Đặng Ngọc M',2,'Việt Nam','Việt Nam','Đạo thánh đức chúa trời','41 La Sierra Dr. Randolph, MA 02368',2012,'Upper Lake Middle School',1,'895765423573','24/06/2011','9060 53rd St. Gaithersburg, MD 20877','(447) 734-5066','dangngocm@gmail.com','861 West Grant Ave. Vernon Rockville, CT 06066','29 N. Tarkiln Hill St. Klamath Falls, OR 97603','71 West Brickell St. New Port Richey, FL 34653','2','03/03/2000','Sinh Viên',1,1,'Sun Dec 09 22:44:03 ICT 2018'),(13,13,'Đặng Ngọc O',1,'Việt Nam','Việt Nam','Thiên chúa giáo','9614 Brewery Rd. West New York, NJ 07093',2013,'Pleasant Valley Conservatory',1,'172536375582','26/08/2011','20 Circle Lane North Bergen, NJ 07047','(657) 278-9278','dangngoco@gmail.com','585 Green Lake Dr. Mechanicsville, VA 23111','924 Rockcrest Ave. Great Falls, MT 59404','2 Old York Street Medina, OH 44256','1','04/03/2000','Sinh Viên',0,1,'Sun Dec 09 22:44:03 ICT 2018'),(14,14,'Đặng Ngọc U',1,'Việt Nam','Việt Nam','Đạo thánh đức chúa trời','26 Golf St. Clementon, NJ 08021',2016,'Central Technical School',2,'085668074536','05/10/2011','471 Union Ave. Downingtown, PA 19335','(922) 972-1361','dangngocu@gmail.com','225 West Hart Dr. Battle Creek, MI 49015','265 Myers Street Saint Albans, NY 11412','58 N. Cambridge Road Muskego, WI 53150','2','05/03/2000','Sinh Viên',0,1,'Sun Dec 09 22:44:03 ICT 2018'),(15,15,'Đặng Ngọc I',2,'Việt Nam','Việt Nam','Đạo thánh đức chúa trời','734 Heart Lane Saint Louis, MO 63109',2016,'Westside Academy',2,'541777945463','30/11/2011','711 S. Gonzales Lane Wayne, NJ 07470','(509) 756-0486','dangngoci@gmail.com','625 Cobblestone Dr. Campbell, CA 95008','1 East Sulphur Springs St. North Kingstown, RI 02852','17 West Magnolia Rd. Maumee, OH 43537','1','06/03/2000','Sinh Viên',0,1,'Sun Dec 09 22:44:03 ICT 2018'),(16,16,'Đặng Ngọc J',2,'Việt Nam','Việt Nam','Phật giáo','561 Art Dr. Charlottesville, VA 22901',2013,'Mammoth Institute',2,'147608546555','15/03/2012','233 Old Street Neptune, NJ 07753','(994) 878-8813','dangngocj@gmail.com','376 Luna Street Parsippany, NJ 07054','56 Young St. Chandler, AZ 85224','19 Theatre Dr. Navarre, FL 32566','2','07/03/2000','Sinh Viên',2,1,'Sun Dec 09 22:44:03 ICT 2018'),(17,1,'Đặng Ngọc P',2,'Việt Nam','Việt Nam','Không','8864 SE. Spring Court Chelmsford, MA 01824',2015,'Millenium Grammar School',1,'927507073071','09/04/2012','500 Cross St. Fenton, MI 48430','(217) 935-7256','dangngocp@gmail.com','8660 Rock Creek Ave. Painesville, OH 44077','955 E. Logan Court Alabaster, AL 35007','7658 Military St. Hoboken, NJ 07030','1','08/03/2000','Sinh Viên',0,1,'Sun Dec 09 22:44:03 ICT 2018'),(18,2,'Đặng Ngọc Q',1,'Việt Nam','Việt Nam','Đạo thánh đức chúa trời','201 Fox Circle Hoffman Estates, IL 60169',2013,'Seacoast Kindergarten',3,'934175691611','20/09/2012','43 Rockland Rd. Brownsburg, IN 46112','(759) 453-6903','dangngocq@gmail.com','7787 Circus St. Raeford, NC 28376','5 Petal Dr. Erie, PA 16506','935 W. Grotto Court Billings, MT 59101','1','09/03/2000','Sinh Viên',0,1,'Sun Dec 09 22:44:03 ICT 2018'),(19,3,'Đặng Ngọc R',1,'Việt Nam','Việt Nam','Đạo thánh đức chúa trời','8 S. Snake Hill Street Seymour, IN 47274',2014,'Marie Curie School for Boys',1,'243097038013','13/01/2013','258 South Gold Rd. Lynchburg, VA 24502','(428) 312-4888','dangngocr@gmail.com','454 Oklahoma Road North Canton, OH 44720','88 Wagon Drive Neenah, WI 54956','647 Ash Rd. Chambersburg, PA 17201','1','01/05/1999','Sinh Viên',2,1,'Sun Dec 09 22:44:03 ICT 2018'),(20,4,'Đặng Ngọc S',2,'Việt Nam','Việt Nam','Đạo thánh đức chúa trời','8290 Union Drive Encino, CA 91316',2017,'Independence High School',2,'184938572044','02/02/2013','614 Inverness Street Hanover, PA 17331','(973) 357-8661','dangngocs@gmail.com','8861 S. Parkview St. Fairport, NY 14450','414 Fawn Dr. Pittsfield, MA 01201','9861 Cottage Avenue Elizabethtown, PA 17022','2-NT','02/05/1999','Sinh Viên',0,1,'Sun Dec 09 22:44:03 ICT 2018'),(21,5,'Đặng Ngọc T',2,'Việt Nam','Việt Nam','Hồi giáo','97 East Campfire Rd. Cleveland, TN 37312',2014,'West Shores School',2,'608129157939','02/03/2013','544 Brickyard Lane Glen Ellyn, IL 60137','(689) 459-6151','dangngoct@gmail.com','314 Middle River Street Yorktown Heights, NY 10598','65 Pilgrim Dr. Silver Spring, MD 20901','88 Water Drive Willoughby, OH 44094','2','03/05/1999','Sinh Viên',0,1,'Sun Dec 09 22:44:03 ICT 2018'),(22,6,'Đặng Ngọc X',2,'Việt Nam','Việt Nam','Đạo thánh đức chúa trời','59 Columbia Avenue Pataskala, OH 43062',2016,'Frozen Lake Institute',2,'513052475343','19/04/2013','7376 Sherwood Lane Mount Prospect, IL 60056','(301) 991-0850','dangngocx@gmail.com','71 Dunbar Dr. South Ozone Park, NY 11420','8547 North Starlight Street Miami Gardens, FL 33056','579 Newport Drive Hinesville, GA 31313','2-NT','04/05/1999','Sinh Viên',1,1,'Sun Dec 09 22:44:03 ICT 2018'),(23,7,'Đặng Ngọc Y',1,'Việt Nam','Việt Nam','Thiên chúa giáo','2 Vermilion St. Greenville, NC 27834',2013,'Redwood Middle School',3,'062954028051','29/08/2013','987 Grotto St. Bay City, MI 48706','(648) 891-3327','dangngocy@gmail.com','9567 Franklin Street Newport News, VA 23601','7918 Beech Street Merrimack, NH 03054','33 Farmer Lane Chesterfield, VA 23832','3','05/05/1999','Sinh Viên',0,1,'Sun Dec 09 22:44:03 ICT 2018'),(24,8,'Đặng Ngọc Z',1,'Việt Nam','Việt Nam','Đạo thánh đức chúa trời','9612 Chapel St. New Castle, PA 16101',2017,'Fortuna School',3,'355809843171','22/11/2013','307 Gates Court Vienna, VA 22180','(517) 567-3256','dangngocz@gmail.com','8434 Brookside Avenue Vernon Rockville, CT 06066','815 Glen Eagles Lane Richmond, VA 23223','52 Oceanview St. Westport, CT 06880','3','06/05/1999','Sinh Viên',2,1,'Sun Dec 09 22:44:03 ICT 2018'),(25,9,'Nguyễn Trung A',1,'Việt Nam','Việt Nam','Đạo Hindu','953 Valley Farms Dr. Neptune, NJ 07753',2017,'Savanna Institute',1,'826708183587','07/12/2013','9927 Chestnut Lane Annapolis, MD 21401','(408) 245-1346','nguyentrunga@gmail.com','876 Marvon Drive Irwin, PA 15642','5 Sage St. Glen Allen, VA 23059','249 Hilldale Road Lumberton, NC 28358','3','07/05/1999','Sinh Viên',3,1,'Sun Dec 09 22:44:03 ICT 2018'),(26,10,'Nguyễn Trung B',1,'Việt Nam','Việt Nam','Phật giáo','7743 Hilltop Court Baldwinsville, NY 13027',2015,'Hercules School for Boys',1,'880118424416','12/04/2009','608 East Gilded Street Miamisburg, OH 45342','(350) 880-9705','nguyentrungb@gmail.com','7 Santa Clara Ave. Copperas Cove, TX 76522','630 Harbor Drive Mount Laurel, NJ 08054','126 Roosevelt Lane Hampton, VA 23666','2','08/05/1999','Sinh Viên',0,1,'Sun Dec 09 22:44:03 ICT 2018'),(27,11,'Nguyễn Trung C',1,'Việt Nam','Việt Nam','Đạo Hindu','6 NE. Ruby Avenue Reynoldsburg, OH 43068',2013,'Liberty University',2,'045515742210','17/04/2009','9857 Garfield Court Holyoke, MA 01040','(231) 665-8232','nguyentrungc@gmail.com','36 Cannon Street Glasgow, KY 42141','19 Lilac Ave. Niceville, FL 32578','184 Sherwood Drive Satellite Beach, FL 32937','1','09/05/1999','Sinh Viên',1,1,'Sun Dec 09 22:44:03 ICT 2018'),(28,12,'Nguyễn Trung D',1,'Việt Nam','Việt Nam','Không','9826 Trout St. Moncks Corner, SC 29461',2012,'Stonewall Kindergarten',2,'418774578273','03/11/2009','261 SE. Pendergast Ave. Culpeper, VA 22701','(727) 790-6328','nguyentrungd@gmail.com','308 Ramblewood Street Fresno, CA 93706','231 Bohemia Ave. Granger, IN 46530','9531 West Oval St. Auburndale, FL 33823','1','01/07/2001','Sinh Viên',1,1,'Sun Dec 09 22:44:03 ICT 2018'),(29,13,'Nguyễn Trung E',2,'Việt Nam','Việt Nam','Hồi giáo','646 W. Cactus Lane Menomonee Falls, WI 53051',2016,'Ravenwood Secondary School',2,'207439403862','19/11/2009','7926 Sutor Lane Deerfield Beach, FL 33442','(683) 226-5259','nguyentrunge@gmail.com','95 W. Illinois Ave. Lansdowne, PA 19050','588 Prospect St. Olney, MD 20832','826 New Saddle Drive Hanover, PA 17331','2','02/07/2001','Sinh Viên',0,1,'Sun Dec 09 22:44:03 ICT 2018'),(30,14,'Nguyễn Trung F',2,'Việt Nam','Việt Nam','Đạo Hindu','91 Buttonwood Ave. Herndon, VA 20170',2017,'Littlerock College',3,'216054694607','31/05/2010','57 Richardson St. Middletown, CT 06457','(202) 668-1102','nguyentrungf@gmail.com','8508 Sunbeam Dr. Addison, IL 60101','9505 Birch Hill Street Harleysville, PA 19438','83 Foster Lane Macungie, PA 18062','1','03/07/2001','Sinh Viên',1,1,'Sun Dec 09 22:44:03 ICT 2018'),(31,15,'Nguyễn Trung G',1,'Việt Nam','Việt Nam','Hồi giáo','193 N. Archer Rd. Woburn, MA 01801',2016,'Oak Hills School',3,'675964604671','04/08/2010','317 Bradford Street Park Forest, IL 60466','(583) 604-6483','nguyentrungg@gmail.com','295 Mechanic St. Land O Lakes, FL 34639','15 Oakwood Avenue Zionsville, IN 46077','194 Catherine St. Westminster, MD 21157','1','04/07/2001','Sinh Viên',3,1,'Sun Dec 09 22:44:03 ICT 2018'),(32,16,'Nguyễn Trung H',1,'Việt Nam','Việt Nam','Đạo thánh đức chúa trời','8261 Liberty St. Adrian, MI 49221',2014,'Silver Oak School for Girls',1,'992401722393','06/08/2010','696 Bellow St. Honolulu, HI 96815','(424) 248-7438','nguyentrungh@gmail.com','803 Bellevue St. Sarasota, FL 34231','59 E. Linden Ave. West Bloomfield, MI 48322','905 Cathedral Street Little Falls, NJ 07424','1','05/07/2001','Sinh Viên',0,1,'Sun Dec 09 22:44:03 ICT 2018'),(33,1,'Nguyễn Trung I',1,'Việt Nam','Việt Nam','Đạo Hindu','11 Seacoast Court Nashua, NH 03060',2012,'Liberty School for Girls',3,'218603908590','10/08/2010','979 Central Ave. Powhatan, VA 23139','(214) 422-3658','nguyentrungy@gmail.com','49 High Point Ave. Moncks Corner, SC 29461','9550 Hart Rd. Bartlett, IL 60103','863 Bard Ave. Endicott, NY 13760','2','06/07/2001','Sinh Viên',0,1,'Sun Dec 09 22:44:03 ICT 2018'),(34,2,'Nguyễn Trung K',2,'Việt Nam','Việt Nam','Phật giáo','53 Poor House Street Niagara Falls, NY 14304',2016,'Upper Lake University',3,'642990943091','21/03/2011','9899 Heirloom Ave. Winder, GA 30680','(776) 850-7913','nguyentrungk@gmail.com','207 West Medieval Dr. Paducah, KY 42001','8736 S. Wild Horse St. Niles, MI 49120','59 Crown St. Jonesborough, TN 37659','1','07/07/2001','Sinh Viên',2,1,'Sun Dec 09 22:44:03 ICT 2018'),(35,3,'Nguyễn Trung L',2,'Việt Nam','Việt Nam','Đạo thánh đức chúa trời','897 Railroad Road Phillipsburg, NJ 08865',2013,'Oak Grove Middle School',1,'382077151169','24/06/2011','179 Aurora Dr. Ocean Springs, MS 39564','(925) 464-5605','nguyentrungl@gmail.com','792 Cypress St. Mason City, IA 50401','68 West Smoky Hollow Drive Santa Monica, CA 90403','64 S. Locust Circle Roanoke, VA 24012','2','08/07/2001','Sinh Viên',0,1,'Sun Dec 09 22:44:03 ICT 2018'),(36,4,'Nguyễn Trung M',1,'Việt Nam','Việt Nam','Phật giáo','8135 Heather Rd. Lexington, NC 27292',2016,'Laguna Creek Institute',2,'809653900992','26/06/2011','21 Moonlight St. Billings, MT 59101','(316) 625-3520','nguyentrungm@gmail.com','60 Winding Way Street Trenton, NJ 08610','849 S. Vista St. Oxford, MS 38655','132 Glenwood Drive Warner Robins, GA 31088','1','09/07/2001','Sinh Viên',1,1,'Sun Dec 09 22:44:03 ICT 2018'),(37,5,'Nguyễn Trung O',1,'Việt Nam','Việt Nam','Hồi giáo','567 Green Hill St. New Berlin, WI 53151',2013,'Clearwater Academy',1,'481208115334','04/07/2011','6 Boulder Street Butte, MT 59701','(456) 636-5002','nguyentrungo@gmail.com','540 Gonzales Lane Belmont, MA 02478','9364 Autumn Rd. Franklin, MA 02038','9704 Vine Rd. West Deptford, NJ 08096','2','01/01/1996','Sinh Viên',0,1,'Sun Dec 09 22:44:03 ICT 2018'),(38,6,'Nguyễn Trung U',1,'Việt Nam','Việt Nam','Không','32 Amerige Rd. New Kensington, PA 15068',2013,'Pleasant Hill Elementary',2,'518462479116','01/12/2011','811 Pierce Lane Twin Falls, ID 83301','(377) 481-0606','nguyentrungu@gmail.com','40 High Ridge Rd. Ossining, NY 10562','957 Ridgewood St. Santa Clara, CA 95050','178 Wild Horse Street Des Moines, IA 50310','1','02/01/1996','Sinh Viên',1,1,'Sun Dec 09 22:44:03 ICT 2018'),(39,7,'Nguyễn Trung T',1,'Việt Nam','Việt Nam','Hồi giáo','9359 East Ashley Street Cedar Falls, IA 50613',2014,'Promise Middle School',3,'673453800960','13/01/2012','32 Spruce St. Davenport, IA 52804','(269) 633-2922','nguyentrungt@gmail.com','76 W. Revolution Drive Greenwood, SC 29646','9 Gem Street Niles, MI 49120','9111 Heart Avenue Vienna, VA 22180','2-NT','03/01/1996','Sinh Viên',1,1,'Sun Dec 09 22:44:03 ICT 2018');
/*!40000 ALTER TABLE `student` ENABLE KEYS */;
UNLOCK TABLES;

--
-- Table structure for table `subject`
--

DROP TABLE IF EXISTS `subject`;
/*!40101 SET @saved_cs_client     = @@character_set_client */;
 SET character_set_client = utf8mb4 ;
CREATE TABLE `subject` (
  `idSubject` varchar(10) NOT NULL,
  `idGenre` int(11) DEFAULT NULL,
  `name` varchar(255) DEFAULT NULL,
  `coefficient` float DEFAULT NULL,
  `creditSubject` int(11) DEFAULT NULL,
  `creditTuition` int(11) DEFAULT NULL,
  `lenght` int(11) DEFAULT NULL,
  `stt` int(11) DEFAULT NULL,
  `timeModified` varchar(255) DEFAULT NULL,
  PRIMARY KEY (`idSubject`),
  KEY `idGenre` (`idGenre`),
  CONSTRAINT `Subject_ibfk_1` FOREIGN KEY (`idGenre`) REFERENCES `genre` (`idgenre`) ON UPDATE CASCADE
) ENGINE=InnoDB DEFAULT CHARSET=utf8mb4 COLLATE=utf8mb4_0900_ai_ci;
/*!40101 SET character_set_client = @saved_cs_client */;

--
-- Dumping data for table `subject`
--

LOCK TABLES `subject` WRITE;
/*!40000 ALTER TABLE `subject` DISABLE KEYS */;
INSERT INTO `subject` VALUES ('SB1',1,'Đại số',0,2,3,15,1,'Sun Dec 09 22:44:02 ICT 2018'),('SB10',3,'NNLCB Mac-Lenin 2',0,3,4,15,1,'Sun Dec 09 22:44:02 ICT 2018'),('SB11',3,'Tư tưởng HCM',0,2,3,15,1,'Sun Dec 09 22:44:02 ICT 2018'),('SB12',3,'Đường lối cách mạng của Đảng',0,3,4,15,1,'Sun Dec 09 22:44:02 ICT 2018'),('SB13',1,'Tin học đại cương',0,2,3,15,1,'Sun Dec 09 22:44:02 ICT 2018'),('SB14',4,'Cấu trúc dữ liệu và giải thuật',0,3,4,15,1,'Sun Dec 09 22:44:02 ICT 2018'),('SB15',4,'Kiến trúc máy tính',0,2,3,15,1,'Sun Dec 09 22:44:02 ICT 2018'),('SB16',4,'Hệ điều hành',0,3,4,15,1,'Sun Dec 09 22:44:02 ICT 2018'),('SB17',4,'Kỹ thuật lập trình',0,2,3,15,1,'Sun Dec 09 22:44:02 ICT 2018'),('SB18',4,'Cơ sở dữ liệu',0,3,4,15,1,'Sun Dec 09 22:44:02 ICT 2018'),('SB19',4,'Project 1',0,2,3,15,1,'Sun Dec 09 22:44:02 ICT 2018'),('SB2',1,'Giải tích 1',0,3,4,15,1,'Sun Dec 09 22:44:02 ICT 2018'),('SB20',4,'Project 2',0,3,4,15,1,'Sun Dec 09 22:44:02 ICT 2018'),('SB21',4,'Trí tuệ nhân tạo',0,2,3,15,1,'Sun Dec 09 22:44:02 ICT 2018'),('SB22',4,'Xác xuất thống kê',0,3,4,15,1,'Sun Dec 09 22:44:02 ICT 2018'),('SB23',4,'Mạng máy tính',0,2,3,15,1,'Sun Dec 09 22:44:02 ICT 2018'),('SB24',5,'Nhảy xa 1',0,3,4,15,1,'Sun Dec 09 22:44:02 ICT 2018'),('SB25',5,'Nhảy cao 1',0,2,3,15,1,'Sun Dec 09 22:44:02 ICT 2018'),('SB26',5,'Bóng rổ  1',0,3,4,15,1,'Sun Dec 09 22:44:02 ICT 2018'),('SB27',5,'Bóng chuyển 1',0,2,3,15,1,'Sun Dec 09 22:44:02 ICT 2018'),('SB28',5,'Bóng đá 1',0,3,4,15,1,'Sun Dec 09 22:44:02 ICT 2018'),('SB29',5,'Bóng rổ 2',0,2,3,15,1,'Sun Dec 09 22:44:02 ICT 2018'),('SB3',1,'Giải tích 2',0,2,3,15,1,'Sun Dec 09 22:44:02 ICT 2018'),('SB30',5,'Nhảy xa 2',0,3,4,15,1,'Sun Dec 09 22:44:02 ICT 2018'),('SB31',5,'Nhảy cao 2',0,2,3,15,1,'Sun Dec 09 22:44:02 ICT 2018'),('SB32',5,'Bóng rổ 2',0,3,4,15,1,'Sun Dec 09 22:44:02 ICT 2018'),('SB33',5,'Bóng chuyển 2',0,2,3,15,1,'Sun Dec 09 22:44:02 ICT 2018'),('SB34',5,'Bóng đá 2',0,3,4,15,1,'Sun Dec 09 22:44:02 ICT 2018'),('SB35',5,'Chạy 1',0,2,3,15,1,'Sun Dec 09 22:44:02 ICT 2018'),('SB36',5,'Chạy 2',0,3,4,15,1,'Sun Dec 09 22:44:02 ICT 2018'),('SB37',5,'Cầu lông 1',0,2,3,15,1,'Sun Dec 09 22:44:02 ICT 2018'),('SB38',5,'Cầu lông 2',0,3,4,15,1,'Sun Dec 09 22:44:02 ICT 2018'),('SB39',5,'Bóng bàn 1',0,2,3,15,1,'Sun Dec 09 22:44:02 ICT 2018'),('SB4',1,'Giải tích 3',0,3,4,15,1,'Sun Dec 09 22:44:02 ICT 2018'),('SB40',5,'Bóng bàn2',0,3,4,15,1,'Sun Dec 09 22:44:02 ICT 2018'),('SB41',4,'Hệ cơ sở tri thức',0,2,3,15,1,'Sun Dec 09 22:44:02 ICT 2018'),('SB42',4,'Phân tích yêu cầu phần mềm',0,3,4,15,1,'Sun Dec 09 22:44:02 ICT 2018'),('SB43',4,'Làm việc nhóm và kĩ năng giao tiếp',0,2,3,15,1,'Sun Dec 09 22:44:02 ICT 2018'),('SB44',4,'Tương tác Người-Máy',0,3,4,15,1,'Sun Dec 09 22:44:02 ICT 2018'),('SB45',4,'Quản lý dự án phần mêm',0,2,3,15,1,'Sun Dec 09 22:44:02 ICT 2018'),('SB46',4,'Phát triển phần mềm chuyên nghiệp',0,3,4,15,1,'Sun Dec 09 22:44:02 ICT 2018'),('SB47',4,'Các thuật toán cơ bản',0,2,3,15,1,'Sun Dec 09 22:44:02 ICT 2018'),('SB48',4,'Tối ưu hóa tổ hợp',0,3,4,15,1,'Sun Dec 09 22:44:02 ICT 2018'),('SB49',4,'Hình học hợp toán',0,2,3,15,1,'Sun Dec 09 22:44:02 ICT 2018'),('SB5',1,'Toán rời rạc',0,2,3,15,1,'Sun Dec 09 22:44:02 ICT 2018'),('SB50',4,'Lập trình hệ thống',0,3,4,15,1,'Sun Dec 09 22:44:02 ICT 2018'),('SB6',2,'Vật lý đại cương 1',0,3,4,15,1,'Sun Dec 09 22:44:02 ICT 2018'),('SB7',2,'Vật lý đại cương 2',0,2,3,15,1,'Sun Dec 09 22:44:02 ICT 2018'),('SB8',2,'Vật lý đại cương 3',0,3,4,15,1,'Sun Dec 09 22:44:02 ICT 2018'),('SB9',3,'NNLCB Mac-Lenin 1',0,2,3,15,1,'Sun Dec 09 22:44:02 ICT 2018');
/*!40000 ALTER TABLE `subject` ENABLE KEYS */;
UNLOCK TABLES;

--
-- Table structure for table `subjectparent`
--

DROP TABLE IF EXISTS `subjectparent`;
/*!40101 SET @saved_cs_client     = @@character_set_client */;
 SET character_set_client = utf8mb4 ;
CREATE TABLE `subjectparent` (
  `idSubject` varchar(10) NOT NULL,
  `idSubjectParent` varchar(10) NOT NULL,
  `stt` int(11) DEFAULT NULL,
  `timeModified` varchar(255) DEFAULT NULL,
  PRIMARY KEY (`idSubject`,`idSubjectParent`),
  KEY `idSubjectParent` (`idSubjectParent`),
  CONSTRAINT `SubjectParent_ibfk_1` FOREIGN KEY (`idSubject`) REFERENCES `subject` (`idsubject`) ON UPDATE CASCADE,
  CONSTRAINT `SubjectParent_ibfk_2` FOREIGN KEY (`idSubjectParent`) REFERENCES `subject` (`idsubject`) ON UPDATE CASCADE
) ENGINE=InnoDB DEFAULT CHARSET=utf8mb4 COLLATE=utf8mb4_0900_ai_ci;
/*!40101 SET character_set_client = @saved_cs_client */;

--
-- Dumping data for table `subjectparent`
--

LOCK TABLES `subjectparent` WRITE;
/*!40000 ALTER TABLE `subjectparent` DISABLE KEYS */;
INSERT INTO `subjectparent` VALUES ('SB10','SB10',1,'Sun Dec 09 22:44:07 ICT 2018'),('SB20','SB20',1,'Sun Dec 09 22:44:07 ICT 2018'),('SB29','SB29',1,'Sun Dec 09 22:44:07 ICT 2018'),('SB30','SB30',1,'Sun Dec 09 22:44:07 ICT 2018'),('SB31','SB31',1,'Sun Dec 09 22:44:07 ICT 2018'),('SB32','SB32',1,'Sun Dec 09 22:44:07 ICT 2018'),('SB33','SB33',1,'Sun Dec 09 22:44:07 ICT 2018'),('SB34','SB34',1,'Sun Dec 09 22:44:07 ICT 2018'),('SB36','SB36',1,'Sun Dec 09 22:44:07 ICT 2018'),('SB38','SB38',1,'Sun Dec 09 22:44:07 ICT 2018'),('SB40','SB40',1,'Sun Dec 09 22:44:07 ICT 2018'),('SB7','SB7',1,'Sun Dec 09 22:44:07 ICT 2018'),('SB8','SB8',1,'Sun Dec 09 22:44:07 ICT 2018');
/*!40000 ALTER TABLE `subjectparent` ENABLE KEYS */;
UNLOCK TABLES;

--
-- Table structure for table `subjectregister`
--

DROP TABLE IF EXISTS `subjectregister`;
/*!40101 SET @saved_cs_client     = @@character_set_client */;
 SET character_set_client = utf8mb4 ;
CREATE TABLE `subjectregister` (
  `idRegister` int(11) NOT NULL,
  `idStudent` int(11) DEFAULT NULL,
  `semester` varchar(5) DEFAULT NULL,
  `credit` int(11) DEFAULT NULL,
  `maxCredit` int(11) DEFAULT NULL,
  `stt` int(11) DEFAULT NULL,
  `timeModified` varchar(255) DEFAULT NULL,
  PRIMARY KEY (`idRegister`),
  KEY `idStudent` (`idStudent`),
  CONSTRAINT `SubjectRegister_ibfk_1` FOREIGN KEY (`idStudent`) REFERENCES `student` (`idstudent`) ON UPDATE CASCADE
) ENGINE=InnoDB DEFAULT CHARSET=utf8mb4 COLLATE=utf8mb4_0900_ai_ci;
/*!40101 SET character_set_client = @saved_cs_client */;

--
-- Dumping data for table `subjectregister`
--

LOCK TABLES `subjectregister` WRITE;
/*!40000 ALTER TABLE `subjectregister` DISABLE KEYS */;
INSERT INTO `subjectregister` VALUES (1,1,'2018',12,24,1,'Sun Dec 09 22:44:09 ICT 2018'),(2,2,'2018',15,24,1,'Sun Dec 09 22:44:09 ICT 2018'),(3,3,'2018',18,24,1,'Sun Dec 09 22:44:09 ICT 2018'),(4,4,'2018',22,24,1,'Sun Dec 09 22:44:09 ICT 2018'),(5,5,'2018',24,24,1,'Sun Dec 09 22:44:09 ICT 2018'),(6,6,'2018',23,24,1,'Sun Dec 09 22:44:09 ICT 2018'),(7,7,'2018',22,24,1,'Sun Dec 09 22:44:09 ICT 2018'),(8,8,'2018',19,24,1,'Sun Dec 09 22:44:09 ICT 2018'),(9,9,'2018',14,24,1,'Sun Dec 09 22:44:09 ICT 2018'),(10,10,'2018',15,24,1,'Sun Dec 09 22:44:09 ICT 2018'),(11,11,'2018',16,24,1,'Sun Dec 09 22:44:09 ICT 2018'),(12,12,'2018',18,24,1,'Sun Dec 09 22:44:09 ICT 2018'),(13,13,'2018',22,24,1,'Sun Dec 09 22:44:09 ICT 2018'),(14,14,'2018',20,24,1,'Sun Dec 09 22:44:09 ICT 2018'),(15,15,'2018',19,24,1,'Sun Dec 09 22:44:09 ICT 2018'),(16,16,'2018',17,24,1,'Sun Dec 09 22:44:09 ICT 2018'),(17,17,'2018',23,24,1,'Sun Dec 09 22:44:09 ICT 2018'),(18,18,'2018',24,24,1,'Sun Dec 09 22:44:09 ICT 2018'),(19,19,'2018',20,24,1,'Sun Dec 09 22:44:09 ICT 2018'),(20,20,'2018',15,24,1,'Sun Dec 09 22:44:09 ICT 2018'),(21,21,'2018',23,24,1,'Sun Dec 09 22:44:09 ICT 2018'),(22,22,'2018',17,24,1,'Sun Dec 09 22:44:09 ICT 2018'),(23,23,'2018',19,24,1,'Sun Dec 09 22:44:09 ICT 2018'),(24,24,'2018',20,24,1,'Sun Dec 09 22:44:09 ICT 2018'),(25,25,'2018',21,24,1,'Sun Dec 09 22:44:09 ICT 2018'),(26,26,'2018',14,24,1,'Sun Dec 09 22:44:09 ICT 2018'),(27,27,'2018',15,24,1,'Sun Dec 09 22:44:09 ICT 2018'),(28,28,'2018',18,24,1,'Sun Dec 09 22:44:09 ICT 2018'),(29,29,'2018',19,24,1,'Sun Dec 09 22:44:09 ICT 2018'),(30,30,'2018',16,24,1,'Sun Dec 09 22:44:09 ICT 2018'),(31,31,'2018',17,24,1,'Sun Dec 09 22:44:09 ICT 2018'),(32,32,'2018',18,24,1,'Sun Dec 09 22:44:09 ICT 2018'),(33,33,'2018',19,24,1,'Sun Dec 09 22:44:09 ICT 2018'),(34,34,'2018',22,24,1,'Sun Dec 09 22:44:09 ICT 2018'),(35,35,'2018',24,24,1,'Sun Dec 09 22:44:09 ICT 2018'),(36,36,'2018',15,24,1,'Sun Dec 09 22:44:09 ICT 2018'),(37,37,'2018',16,24,1,'Sun Dec 09 22:44:09 ICT 2018'),(38,38,'2018',17,24,1,'Sun Dec 09 22:44:09 ICT 2018'),(39,39,'2018',19,24,1,'Sun Dec 09 22:44:09 ICT 2018');
/*!40000 ALTER TABLE `subjectregister` ENABLE KEYS */;
UNLOCK TABLES;

--
-- Table structure for table `toeic`
--

DROP TABLE IF EXISTS `toeic`;
/*!40101 SET @saved_cs_client     = @@character_set_client */;
 SET character_set_client = utf8mb4 ;
CREATE TABLE `toeic` (
  `idstudent` int(11) NOT NULL,
  `semester` varchar(5) DEFAULT NULL,
  `date` varchar(255) DEFAULT NULL,
  `point` int(11) DEFAULT NULL,
  `stt` int(11) DEFAULT NULL,
  `timeModified` varchar(255) DEFAULT NULL,
  PRIMARY KEY (`idstudent`),
  CONSTRAINT `Toeic_ibfk_1` FOREIGN KEY (`idstudent`) REFERENCES `student` (`idstudent`)
) ENGINE=InnoDB DEFAULT CHARSET=utf8mb4 COLLATE=utf8mb4_0900_ai_ci;
/*!40101 SET character_set_client = @saved_cs_client */;

--
-- Dumping data for table `toeic`
--

LOCK TABLES `toeic` WRITE;
/*!40000 ALTER TABLE `toeic` DISABLE KEYS */;
INSERT INTO `toeic` VALUES (1,'42424','09/01/2018',349,1,'Sun Dec 09 22:44:08 ICT 2018'),(2,'42490','10/01/2018',378,1,'Sun Dec 09 22:44:08 ICT 2018'),(3,'42499','23/01/2018',772,1,'Sun Dec 09 22:44:08 ICT 2018'),(4,'42636','27/01/2018',610,1,'Sun Dec 09 22:44:08 ICT 2018'),(5,'42658','29/01/2018',913,1,'Sun Dec 09 22:44:08 ICT 2018'),(6,'42660','05/02/2018',542,1,'Sun Dec 09 22:44:08 ICT 2018'),(7,'42671','11/02/2018',290,1,'Sun Dec 09 22:44:08 ICT 2018'),(8,'42692','25/02/2018',771,1,'Sun Dec 09 22:44:08 ICT 2018'),(9,'42696','03/03/2018',481,1,'Sun Dec 09 22:44:08 ICT 2018'),(10,'42748','15/05/2018',104,1,'Sun Dec 09 22:44:08 ICT 2018'),(11,'42751','04/06/2018',657,1,'Sun Dec 09 22:44:08 ICT 2018'),(12,'42759','04/07/2018',609,1,'Sun Dec 09 22:44:08 ICT 2018'),(13,'42785','14/07/2018',31,1,'Sun Dec 09 22:44:08 ICT 2018'),(14,'42788','23/07/2018',889,1,'Sun Dec 09 22:44:08 ICT 2018'),(15,'42789','29/07/2018',210,1,'Sun Dec 09 22:44:08 ICT 2018'),(16,'42861','30/07/2018',21,1,'Sun Dec 09 22:44:08 ICT 2018'),(17,'42883','03/08/2018',491,1,'Sun Dec 09 22:44:08 ICT 2018'),(18,'42904','10/08/2018',184,1,'Sun Dec 09 22:44:08 ICT 2018'),(19,'42958','05/09/2018',898,1,'Sun Dec 09 22:44:08 ICT 2018'),(20,'42991','28/09/2018',855,1,'Sun Dec 09 22:44:08 ICT 2018'),(21,'42998','14/10/2018',835,1,'Sun Dec 09 22:44:08 ICT 2018'),(22,'43019','20/10/2018',689,1,'Sun Dec 09 22:44:08 ICT 2018'),(23,'43056','23/10/2018',148,1,'Sun Dec 09 22:44:08 ICT 2018'),(24,'43061','31/10/2018',708,1,'Sun Dec 09 22:44:08 ICT 2018'),(25,'43090','12/12/2018',754,1,'Sun Dec 09 22:44:08 ICT 2018'),(26,'42413','04/01/2018',880,1,'Sun Dec 09 22:44:08 ICT 2018'),(27,'42490','05/01/2018',451,1,'Sun Dec 09 22:44:08 ICT 2018'),(28,'42501','06/01/2018',974,1,'Sun Dec 09 22:44:08 ICT 2018'),(29,'42529','16/01/2018',194,1,'Sun Dec 09 22:44:08 ICT 2018'),(30,'42533','04/02/2018',960,1,'Sun Dec 09 22:44:08 ICT 2018'),(31,'42541','07/02/2018',561,1,'Sun Dec 09 22:44:08 ICT 2018'),(32,'42561','23/03/2018',325,1,'Sun Dec 09 22:44:08 ICT 2018'),(33,'42577','25/03/2018',724,1,'Sun Dec 09 22:44:08 ICT 2018'),(34,'42578','03/04/2018',693,1,'Sun Dec 09 22:44:08 ICT 2018'),(35,'42593','28/04/2018',715,1,'Sun Dec 09 22:44:08 ICT 2018'),(36,'42598','22/05/2018',95,1,'Sun Dec 09 22:44:08 ICT 2018'),(37,'42601','28/05/2018',325,1,'Sun Dec 09 22:44:08 ICT 2018'),(38,'42644','12/06/2018',599,1,'Sun Dec 09 22:44:08 ICT 2018'),(39,'42671','14/06/2018',40,1,'Sun Dec 09 22:44:08 ICT 2018');
/*!40000 ALTER TABLE `toeic` ENABLE KEYS */;
UNLOCK TABLES;

--
-- Temporary view structure for view `v_detailregisterclass`
--

DROP TABLE IF EXISTS `v_detailregisterclass`;
/*!50001 DROP VIEW IF EXISTS `v_detailregisterclass`*/;
SET @saved_cs_client     = @@character_set_client;
SET character_set_client = utf8mb4;
/*!50001 CREATE VIEW `v_detailregisterclass` AS SELECT 
 1 AS `idStudent`,
 1 AS `semester`,
 1 AS `idSubject`,
 1 AS `name`,
 1 AS `time`,
 1 AS `creditSubject`,
 1 AS `creditTuition`,
 1 AS `tuition`,
 1 AS `classCode`,
 1 AS `stt`,
 1 AS `nameDepartment`*/;
SET character_set_client = @saved_cs_client;

--
-- Temporary view structure for view `v_personalscoreboard`
--

DROP TABLE IF EXISTS `v_personalscoreboard`;
/*!50001 DROP VIEW IF EXISTS `v_personalscoreboard`*/;
SET @saved_cs_client     = @@character_set_client;
SET character_set_client = utf8mb4;
/*!50001 CREATE VIEW `v_personalscoreboard` AS SELECT 
 1 AS `idStudent`,
 1 AS `semester`,
 1 AS `idSubject`,
 1 AS `name`,
 1 AS `creditSubject`,
 1 AS `classCode`,
 1 AS `midSemPoint`,
 1 AS `finalSemPoit`*/;
SET character_set_client = @saved_cs_client;

--
-- Temporary view structure for view `v_schedule`
--

DROP TABLE IF EXISTS `v_schedule`;
/*!50001 DROP VIEW IF EXISTS `v_schedule`*/;
SET @saved_cs_client     = @@character_set_client;
SET character_set_client = utf8mb4;
/*!50001 CREATE VIEW `v_schedule` AS SELECT 
 1 AS `idStudent`,
 1 AS `time`,
 1 AS `lenght`,
 1 AS `room`,
 1 AS `classCode`,
 1 AS `idSubject`,
 1 AS `nameSubject`,
 1 AS `semester`*/;
SET character_set_client = @saved_cs_client;

--
-- Temporary view structure for view `v_subject`
--

DROP TABLE IF EXISTS `v_subject`;
/*!50001 DROP VIEW IF EXISTS `v_subject`*/;
SET @saved_cs_client     = @@character_set_client;
SET character_set_client = utf8mb4;
/*!50001 CREATE VIEW `v_subject` AS SELECT 
 1 AS `idSubject`,
 1 AS `nameSubject`,
 1 AS `length`,
 1 AS `creditSubject`,
 1 AS `creditTuition`,
 1 AS `weight`,
 1 AS `genreName`,
 1 AS `departmentName`*/;
SET character_set_client = @saved_cs_client;

--
-- Temporary view structure for view `v_toeic`
--

DROP TABLE IF EXISTS `v_toeic`;
/*!50001 DROP VIEW IF EXISTS `v_toeic`*/;
SET @saved_cs_client     = @@character_set_client;
SET character_set_client = utf8mb4;
/*!50001 CREATE VIEW `v_toeic` AS SELECT 
 1 AS `idStudent`,
 1 AS `fullName`,
 1 AS `dateOfBirth`,
 1 AS `semester`,
 1 AS `date`,
 1 AS `point`*/;
SET character_set_client = @saved_cs_client;

--
-- Temporary view structure for view `v_tuitionfee`
--

DROP TABLE IF EXISTS `v_tuitionfee`;
/*!50001 DROP VIEW IF EXISTS `v_tuitionfee`*/;
SET @saved_cs_client     = @@character_set_client;
SET character_set_client = utf8mb4;
/*!50001 CREATE VIEW `v_tuitionfee` AS SELECT 
 1 AS `idStudent`,
 1 AS `semester`,
 1 AS `totalCredit`,
 1 AS `tuitionPaid`,
 1 AS `totalTuition`,
 1 AS `tuitionDeadline1`,
 1 AS `tuitionDeadline2`*/;
SET character_set_client = @saved_cs_client;

--
-- Dumping events for database 'sis_db'
--

--
-- Dumping routines for database 'sis_db'
--

--
-- Final view structure for view `v_detailregisterclass`
--

/*!50001 DROP VIEW IF EXISTS `v_detailregisterclass`*/;
/*!50001 SET @saved_cs_client          = @@character_set_client */;
/*!50001 SET @saved_cs_results         = @@character_set_results */;
/*!50001 SET @saved_col_connection     = @@collation_connection */;
/*!50001 SET character_set_client      = utf8mb4 */;
/*!50001 SET character_set_results     = utf8mb4 */;
/*!50001 SET collation_connection      = utf8mb4_0900_ai_ci */;
/*!50001 CREATE ALGORITHM=UNDEFINED */
/*!50013 DEFINER=`root`@`localhost` SQL SECURITY DEFINER */
/*!50001 VIEW `v_detailregisterclass` AS select `s`.`idStudent` AS `idStudent`,`rc`.`semester` AS `semester`,`sc`.`idSubject` AS `idSubject`,`su`.`name` AS `name`,`sc`.`time` AS `time`,`su`.`creditSubject` AS `creditSubject`,`su`.`creditTuition` AS `creditTuition`,`drc`.`tuition` AS `tuition`,`drc`.`classCode` AS `classCode`,`drc`.`stt` AS `stt`,`d`.`name` AS `nameDepartment` from ((((((`student` `s` join `registerclass` `rc`) join `schedule` `sc`) join `subject` `su`) join `detailregisterclass` `drc`) join `department` `d`) join `genre`) where ((`s`.`idStudent` = `rc`.`idStudent`) and (`sc`.`idSubject` = `su`.`idSubject`) and (`sc`.`idSchedule` = `drc`.`idSchedule`) and (`su`.`idGenre` = `genre`.`idGenre`) and (`genre`.`idDepartment` = `d`.`idDepartment`)) */;
/*!50001 SET character_set_client      = @saved_cs_client */;
/*!50001 SET character_set_results     = @saved_cs_results */;
/*!50001 SET collation_connection      = @saved_col_connection */;

--
-- Final view structure for view `v_personalscoreboard`
--

/*!50001 DROP VIEW IF EXISTS `v_personalscoreboard`*/;
/*!50001 SET @saved_cs_client          = @@character_set_client */;
/*!50001 SET @saved_cs_results         = @@character_set_results */;
/*!50001 SET @saved_col_connection     = @@collation_connection */;
/*!50001 SET character_set_client      = utf8mb4 */;
/*!50001 SET character_set_results     = utf8mb4 */;
/*!50001 SET collation_connection      = utf8mb4_0900_ai_ci */;
/*!50001 CREATE ALGORITHM=UNDEFINED */
/*!50013 DEFINER=`root`@`localhost` SQL SECURITY DEFINER */
/*!50001 VIEW `v_personalscoreboard` AS select `s`.`idStudent` AS `idStudent`,`rc`.`semester` AS `semester`,`su`.`idSubject` AS `idSubject`,`su`.`name` AS `name`,`su`.`creditSubject` AS `creditSubject`,`drc`.`classCode` AS `classCode`,`drc`.`midSemPoint` AS `midSemPoint`,`drc`.`finalSemPoint` AS `finalSemPoit` from ((((`student` `s` join `subject` `su`) join `detailregisterclass` `drc`) join `registerclass` `rc`) join `schedule`) where ((`s`.`idStudent` = `rc`.`idStudent`) and (`rc`.`idRegister` = `drc`.`idRegister`) and (`schedule`.`idSubject` = `su`.`idSubject`) and (`schedule`.`idSchedule` = `drc`.`idSchedule`)) */;
/*!50001 SET character_set_client      = @saved_cs_client */;
/*!50001 SET character_set_results     = @saved_cs_results */;
/*!50001 SET collation_connection      = @saved_col_connection */;

--
-- Final view structure for view `v_schedule`
--

/*!50001 DROP VIEW IF EXISTS `v_schedule`*/;
/*!50001 SET @saved_cs_client          = @@character_set_client */;
/*!50001 SET @saved_cs_results         = @@character_set_results */;
/*!50001 SET @saved_col_connection     = @@collation_connection */;
/*!50001 SET character_set_client      = utf8mb4 */;
/*!50001 SET character_set_results     = utf8mb4 */;
/*!50001 SET collation_connection      = utf8mb4_0900_ai_ci */;
/*!50001 CREATE ALGORITHM=UNDEFINED */
/*!50013 DEFINER=`root`@`localhost` SQL SECURITY DEFINER */
/*!50001 VIEW `v_schedule` AS select `s`.`idStudent` AS `idStudent`,`sc`.`time` AS `time`,`su`.`lenght` AS `lenght`,`sc`.`room` AS `room`,`drc`.`classCode` AS `classCode`,`su`.`idSubject` AS `idSubject`,`su`.`name` AS `nameSubject`,`rc`.`semester` AS `semester` from ((((`student` `s` join `subject` `su`) join `registerclass` `rc`) join `detailregisterclass` `drc`) join `schedule` `sc`) where ((`s`.`idStudent` = `rc`.`idStudent`) and (`rc`.`idRegister` = `drc`.`idRegister`) and (`drc`.`idSchedule` = `sc`.`idSchedule`) and (`sc`.`idSubject` = `su`.`idSubject`)) */;
/*!50001 SET character_set_client      = @saved_cs_client */;
/*!50001 SET character_set_results     = @saved_cs_results */;
/*!50001 SET collation_connection      = @saved_col_connection */;

--
-- Final view structure for view `v_subject`
--

/*!50001 DROP VIEW IF EXISTS `v_subject`*/;
/*!50001 SET @saved_cs_client          = @@character_set_client */;
/*!50001 SET @saved_cs_results         = @@character_set_results */;
/*!50001 SET @saved_col_connection     = @@collation_connection */;
/*!50001 SET character_set_client      = utf8mb4 */;
/*!50001 SET character_set_results     = utf8mb4 */;
/*!50001 SET collation_connection      = utf8mb4_0900_ai_ci */;
/*!50001 CREATE ALGORITHM=UNDEFINED */
/*!50013 DEFINER=`root`@`localhost` SQL SECURITY DEFINER */
/*!50001 VIEW `v_subject` AS select `s`.`idSubject` AS `idSubject`,`s`.`name` AS `nameSubject`,`s`.`lenght` AS `length`,`s`.`creditSubject` AS `creditSubject`,`s`.`creditTuition` AS `creditTuition`,`s`.`coefficient` AS `weight`,`g`.`name` AS `genreName`,`d`.`name` AS `departmentName` from ((`subject` `s` join `genre` `g`) join `department` `d`) where ((`s`.`idGenre` = `g`.`idGenre`) and (`g`.`idDepartment` = `d`.`idDepartment`)) */;
/*!50001 SET character_set_client      = @saved_cs_client */;
/*!50001 SET character_set_results     = @saved_cs_results */;
/*!50001 SET collation_connection      = @saved_col_connection */;

--
-- Final view structure for view `v_toeic`
--

/*!50001 DROP VIEW IF EXISTS `v_toeic`*/;
/*!50001 SET @saved_cs_client          = @@character_set_client */;
/*!50001 SET @saved_cs_results         = @@character_set_results */;
/*!50001 SET @saved_col_connection     = @@collation_connection */;
/*!50001 SET character_set_client      = utf8mb4 */;
/*!50001 SET character_set_results     = utf8mb4 */;
/*!50001 SET collation_connection      = utf8mb4_0900_ai_ci */;
/*!50001 CREATE ALGORITHM=UNDEFINED */
/*!50013 DEFINER=`root`@`localhost` SQL SECURITY DEFINER */
/*!50001 VIEW `v_toeic` AS select `s`.`idStudent` AS `idStudent`,`s`.`fullName` AS `fullName`,`s`.`dateOfBirth` AS `dateOfBirth`,`t`.`semester` AS `semester`,`t`.`date` AS `date`,`t`.`point` AS `point` from (`student` `s` join `toeic` `t`) where (`s`.`idStudent` = `t`.`idstudent`) */;
/*!50001 SET character_set_client      = @saved_cs_client */;
/*!50001 SET character_set_results     = @saved_cs_results */;
/*!50001 SET collation_connection      = @saved_col_connection */;

--
-- Final view structure for view `v_tuitionfee`
--

/*!50001 DROP VIEW IF EXISTS `v_tuitionfee`*/;
/*!50001 SET @saved_cs_client          = @@character_set_client */;
/*!50001 SET @saved_cs_results         = @@character_set_results */;
/*!50001 SET @saved_col_connection     = @@collation_connection */;
/*!50001 SET character_set_client      = utf8mb4 */;
/*!50001 SET character_set_results     = utf8mb4 */;
/*!50001 SET collation_connection      = utf8mb4_0900_ai_ci */;
/*!50001 CREATE ALGORITHM=UNDEFINED */
/*!50013 DEFINER=`root`@`localhost` SQL SECURITY DEFINER */
/*!50001 VIEW `v_tuitionfee` AS select `s`.`idStudent` AS `idStudent`,`rc`.`semester` AS `semester`,`rc`.`totalCredit` AS `totalCredit`,`rc`.`tuitionPaid` AS `tuitionPaid`,`rc`.`totalTuition` AS `totalTuition`,`rc`.`tuitionDeadline1` AS `tuitionDeadline1`,`rc`.`tuitionDeadline2` AS `tuitionDeadline2` from (`student` `s` join `registerclass` `rc`) where (`s`.`idStudent` = `rc`.`idStudent`) */;
/*!50001 SET character_set_client      = @saved_cs_client */;
/*!50001 SET character_set_results     = @saved_cs_results */;
/*!50001 SET collation_connection      = @saved_col_connection */;
/*!40103 SET TIME_ZONE=@OLD_TIME_ZONE */;

/*!40101 SET SQL_MODE=@OLD_SQL_MODE */;
/*!40014 SET FOREIGN_KEY_CHECKS=@OLD_FOREIGN_KEY_CHECKS */;
/*!40014 SET UNIQUE_CHECKS=@OLD_UNIQUE_CHECKS */;
/*!40101 SET CHARACTER_SET_CLIENT=@OLD_CHARACTER_SET_CLIENT */;
/*!40101 SET CHARACTER_SET_RESULTS=@OLD_CHARACTER_SET_RESULTS */;
/*!40101 SET COLLATION_CONNECTION=@OLD_COLLATION_CONNECTION */;
/*!40111 SET SQL_NOTES=@OLD_SQL_NOTES */;

-- Dump completed on 2018-12-09 22:46:13
